tanggal,pm10,so2,co,o3,no2
1/1/2015,49,10,39,27,10
1/2/2015,28,9,26,48,10
1/3/2015,27,10,28,44,10
1/4/2015,22,9,28,42,12
1/5/2015,25,9,25,32,7
1/6/2015,29,9,26,37,11
1/7/2015,32,10,32,35,12
1/8/2015,48,10,25,40,13
1/9/2015,24,10,24,32,7
1/10/2015,25,10,24,43,8
1/11/2015,34,11,23,41,11
1/12/2015,37,11,28,37,13
1/13/2015,45,11,39,35,18
1/14/2015,41,11,44,40,17
1/15/2015,39,10,34,47,20
1/16/2015,57,16,61,40,17
1/17/2015,39,11,30,43,15
1/18/2015,46,11,36,45,18
1/19/2015,54,11,39,41,16
1/20/2015,70,13,72,51,24
1/21/2015,56,12,61,40,16
1/22/2015,45,11,36,36,15
1/23/2015,49,10,50,41,23
1/24/2015,71,13,72,65,21
1/25/2015,35,11,29,67,18
1/26/2015,53,14,41,59,14
1/27/2015,68,12,51,49,13
1/28/2015,57,14,46,65,15
1/29/2015,55,13,34,61,17
1/30/2015,52,12,46,50,13
1/31/2015,54,14,32,41,15
2/1/2015,42,7,30,42,12
2/2/2015,50,6,49,42,21
2/3/2015,76,8,69,50,15
2/4/2015,68,10,59,55,23
2/5/2015,47,9,33,58,17
2/6/2015,30,8,52,49,13
2/7/2015,51,9,33,53,15
2/8/2015,49,9,34,46,12
2/9/2015,27,8,45,36,14
2/10/2015,23,9,42,46,11
2/11/2015,56,9,68,40,11
2/12/2015,72,10,54,50,22
2/13/2015,48,10,37,48,15
2/14/2015,58,13,57,48,16
2/15/2015,67,13,71,44,12
2/16/2015,69,13,56,72,18
2/17/2015,49,13,57,63,13
2/18/2015,56,19,48,66,24
2/19/2015,40,13,34,42,13
2/20/2015,52,24,42,68,20
2/21/2015,98,15,60,62,27
2/22/2015,71,15,37,57,23
2/23/2015,63,16,32,46,15
2/24/2015,70,17,42,70,17
2/25/2015,85,20,45,121,18
2/26/2015,87,19,35,147,31
2/27/2015,83,16,38,129,21
2/28/2015,78,17,43,65,19
3/1/2015,86,16,48,39,16
3/2/2015,57,17,40,41,18
3/3/2015,62,19,33,50,18
3/4/2015,59,16,41,38,19
3/5/2015,51,14,29,44,15
3/6/2015,66,17,44,70,18
3/7/2015,53,15,27,59,20
3/8/2015,46,14,36,36,17
3/9/2015,51,15,33,45,17
3/10/2015,49,14,36,63,25
3/11/2015,44,14,27,62,15
3/12/2015,43,16,29,48,12
3/13/2015,66,16,61,49,24
3/14/2015,72,17,44,52,13
3/15/2015,64,16,30,49,14
3/16/2015,55,14,52,71,19
3/17/2015,66,20,46,85,21
3/18/2015,75,22,35,104,25
3/19/2015,68,16,33,130,26
3/20/2015,57,15,30,127,30
3/21/2015,52,14,30,92,16
3/22/2015,63,16,36,113,17
3/23/2015,53,17,33,155,28
3/24/2015,76,17,46,94,20
3/25/2015,75,21,44,57,20
3/26/2015,66,15,43,62,21
3/27/2015,67,17,58,83,20
3/28/2015,68,17,33,77,17
3/29/2015,78,15,53,74,12
3/30/2015,69,14,47,76,17
3/31/2015,80,17,29,72,18
4/1/2015,65,19,37,80,21
4/2/2015,67,13,45,88,22
4/3/2015,51,14,50,54,17
4/4/2015,75,18,52,108,21
4/5/2015,75,19,45,77,23
4/6/2015,71,17,41,61,20
4/7/2015,57,17,29,33,12
4/8/2015,65,15,46,86,19
4/9/2015,69,14,42,86,23
4/10/2015,87,18,64,87,39
4/11/2015,59,17,36,62,15
4/12/2015,62,22,35,88,25
4/13/2015,74,21,35,65,17
4/14/2015,74,22,54,67,30
4/15/2015,64,17,37,83,19
4/16/2015,73,18,36,87,21
4/17/2015,64,18,37,54,16
4/18/2015,84,22,47,74,19
4/19/2015,83,18,48,111,21
4/20/2015,61,22,42,98,21
4/21/2015,76,25,45,101,30
4/22/2015,71,17,36,119,19
4/23/2015,40,16,26,46,10
4/24/2015,34,15,28,39,7
4/25/2015,32,15,30,40,14
4/26/2015,53,16,39,43,16
4/27/2015,53,16,47,67,9
4/28/2015,46,15,28,42,12
4/29/2015,50,15,27,42,12
4/30/2015,40,15,28,51,16
5/1/2015,57,17,33,105,20
5/2/2015,82,19,53,99,16
5/3/2015,65,21,35,96,22
5/4/2015,55,19,43,71,16
5/5/2015,73,22,61,62,23
5/6/2015,79,19,45,48,22
5/7/2015,59,18,29,67,15
5/8/2015,72,22,27,53,15
5/9/2015,83,15,40,83,16
5/10/2015,57,19,28,76,19
5/11/2015,65,23,28,47,30
5/12/2015,77,20,42,57,16
5/13/2015,75,24,33,63,43
5/14/2015,67,18,28,61,22
5/15/2015,60,17,38,53,63
5/16/2015,68,17,46,92,17
5/17/2015,67,17,37,66,42
5/18/2015,77,18,32,77,30
5/19/2015,84,18,31,105,19
5/20/2015,83,18,30,97,22
5/21/2015,87,18,32,84,19
5/22/2015,85,19,27,90,17
5/23/2015,93,22,36,90,18
5/24/2015,87,24,34,77,17
5/25/2015,83,20,29,83,14
5/26/2015,78,19,41,85,17
5/27/2015,96,20,32,74,16
5/28/2015,69,20,24,37,11
5/29/2015,64,20,30,64,22
5/30/2015,74,20,36,70,18
5/31/2015,70,20,53,83,14
6/1/2015,74,20,35,53,17
6/2/2015,89,20,45,77,17
6/3/2015,61,19,30,84,16
6/4/2015,79,19,42,60,12
6/5/2015,63,21,31,51,16
6/6/2015,79,25,42,60,22
6/7/2015,86,22,37,65,16
6/8/2015,85,21,45,54,15
6/9/2015,91,21,43,51,18
6/10/2015,78,27,49,93,21
6/11/2015,71,19,44,90,28
6/12/2015,86,24,43,107,19
6/13/2015,81,30,39,94,32
6/14/2015,89,30,37,113,22
6/15/2015,85,28,36,108,26
6/16/2015,92,32,47,115,29
6/17/2015,115,37,48,78,25
6/18/2015,83,34,29,80,19
6/19/2015,79,32,30,87,28
6/20/2015,79,37,34,77,25
6/21/2015,92,31,28,99,17
6/22/2015,98,26,31,97,20
6/23/2015,109,30,32,98,30
6/24/2015,86,34,34,94,29
6/25/2015,101,33,38,72,23
6/26/2015,114,34,31,67,18
6/27/2015,105,33,34,61,12
6/28/2015,72,26,26,84,15
6/29/2015,94,28,35,101,22
6/30/2015,95,31,33,101,22
7/1/2015,83,32,30,86,24
7/2/2015,86,34,37,93,21
7/3/2015,75,35,31,99,19
7/4/2015,77,40,22,94,22
7/5/2015,114,35,52,87,20
7/6/2015,84,34,25,95,21
7/7/2015,83,37,27,123,27
7/8/2015,81,33,26,109,21
7/9/2015,81,32,21,95,22
7/10/2015,73,35,27,86,27
7/11/2015,70,47,26,77,15
7/12/2015,63,29,23,64,13
7/13/2015,60,31,23,54,11
7/14/2015,70,33,25,53,12
7/15/2015,60,32,25,39,12
7/16/2015,55,31,21,45,9
7/17/2015,56,31,31,44,8
7/18/2015,52,30,22,58,8
7/19/2015,54,29,21,56,8
7/20/2015,55,30,22,61,9
7/21/2015,72,30,22,64,9
7/22/2015,62,27,22,61,10
7/23/2015,63,28,30,56,11
7/24/2015,59,29,23,53,10
7/25/2015,66,32,24,79,12
7/26/2015,110,28,27,80,30
7/27/2015,69,27,26,82,17
7/28/2015,65,34,26,66,16
7/29/2015,71,33,26,54,17
7/30/2015,80,33,28,73,15
7/31/2015,79,32,27,82,22
8/1/2015,81,32,29,91,20
8/2/2015,86,27,28,94,15
8/3/2015,67,35,25,69,17
8/4/2015,101,38,37,86,24
8/5/2015,91,35,21,73,20
8/6/2015,86,34,24,84,19
8/7/2015,62,31,19,88,18
8/8/2015,70,27,22,95,22
8/9/2015,76,30,31,71,20
8/10/2015,68,29,23,59,13
8/11/2015,75,29,24,74,15
8/12/2015,66,26,21,74,22
8/13/2015,92,25,28,83,19
8/14/2015,65,25,22,56,13
8/15/2015,70,29,22,75,16
8/16/2015,69,27,20,68,11
8/17/2015,72,29,18,77,14
8/18/2015,78,29,23,79,18
8/19/2015,88,29,24,82,16
8/20/2015,94,27,25,92,28
8/21/2015,79,29,22,98,22
8/22/2015,94,32,18,96,19
8/23/2015,97,31,22,77,20
8/24/2015,87,33,24,84,21
8/25/2015,96,34,25,102,21
8/26/2015,110,35,24,95,26
8/27/2015,97,34,25,83,22
8/28/2015,88,32,23,75,24
8/29/2015,81,32,26,100,15
8/30/2015,80,30,19,75,13
8/31/2015,69,31,19,105,24
9/1/2015,78,34,19,71,24
9/2/2015,86,39,23,70,25
9/3/2015,101,37,23,61,21
9/4/2015,89,35,22,74,19
9/5/2015,80,33,20,71,18
9/6/2015,89,32,21,75,16
9/7/2015,82,33,24,83,20
9/8/2015,86,33,25,102,18
9/9/2015,94,31,28,96,23
9/10/2015,71,35,35,99,24
9/11/2015,70,34,25,79,18
9/12/2015,70,31,20,78,17
9/13/2015,62,29,20,87,13
9/14/2015,70,33,17,114,24
9/15/2015,75,33,27,91,23
9/16/2015,76,31,23,71,17
9/17/2015,96,33,24,80,16
9/18/2015,94,31,22,67,14
9/19/2015,100,33,23,68,17
9/20/2015,116,30,28,92,19
9/21/2015,112,32,27,120,22
9/22/2015,114,34,31,80,24
9/23/2015,93,37,43,92,26
9/24/2015,98,33,40,95,23
9/25/2015,88,32,21,91,19
9/26/2015,77,34,28,68,18
9/27/2015,80,32,22,78,13
9/28/2015,76,30,25,94,19
9/29/2015,105,31,30,69,20
9/30/2015,92,33,25,67,23
10/1/2015,121,36,28,69,33
10/2/2015,107,33,33,57,16
10/3/2015,108,32,27,54,13
10/4/2015,121,33,26,66,11
10/5/2015,86,31,23,81,21
10/6/2015,93,33,31,95,22
10/7/2015,78,30,31,97,25
10/8/2015,70,27,25,97,23
10/9/2015,79,29,34,78,22
10/10/2015,80,31,36,69,18
10/11/2015,87,32,34,59,11
10/12/2015,80,32,26,92,21
10/13/2015,80,28,25,80,22
10/14/2015,76,29,35,82,21
10/15/2015,89,32,30,75,19
10/16/2015,55,34,27,73,24
10/17/2015,78,36,38,58,19
10/18/2015,91,33,56,108,20
10/19/2015,83,36,35,104,22
10/20/2015,100,35,25,90,23
10/21/2015,112,33,30,71,23
10/22/2015,79,34,22,70,16
10/23/2015,93,34,28,86,26
10/24/2015,122,34,43,97,25
10/25/2015,116,29,31,83,19
10/26/2015,121,29,34,84,24
10/27/2015,108,33,34,123,27
10/28/2015,100,29,32,86,21
10/29/2015,93,30,34,94,24
10/30/2015,92,28,35,77,22
10/31/2015,93,29,35,120,26
11/1/2015,103,28,28,119,19
11/2/2015,84,28,40,91,24
11/3/2015,65,27,25,117,17
11/4/2015,75,28,26,84,19
11/5/2015,89,28,34,89,19
11/6/2015,82,28,27,103,20
11/7/2015,90,31,29,87,24
11/8/2015,78,29,58,81,20
11/9/2015,57,29,29,112,18
11/10/2015,65,30,25,105,23
11/11/2015,90,30,31,91,25
11/12/2015,78,30,37,108,22
11/13/2015,65,28,23,74,21
11/14/2015,59,28,25,73,24
11/15/2015,73,28,37,64,15
11/16/2015,58,28,22,89,15
11/17/2015,56,30,23,87,23
11/18/2015,74,31,32,71,18
11/19/2015,71,29,28,50,17
11/20/2015,74,29,30,81,20
11/21/2015,75,30,41,86,24
11/22/2015,81,29,40,88,18
11/23/2015,70,29,30,79,19
11/24/2015,72,29,33,77,16
11/25/2015,67,29,29,100,27
11/26/2015,70,29,27,117,24
11/27/2015,72,29,28,85,22
11/28/2015,107,21,54,143,24
11/29/2015,73,29,27,98,17
11/30/2015,79,29,45,105,21
12/1/2015,76,19,37,106,28
12/2/2015,72,20,25,111,20
12/3/2015,71,32,32,82,26
12/4/2015,66,30,30,84,24
12/5/2015,74,31,43,103,25
12/6/2015,71,34,40,79,20
12/7/2015,52,31,31,63,15
12/8/2015,70,32,25,57,21
12/9/2015,62,31,31,65,20
12/10/2015,63,28,22,85,20
12/11/2015,66,27,31,85,23
12/12/2015,61,25,27,90,19
12/13/2015,61,25,49,61,17
12/14/2015,35,21,24,40,9
12/15/2015,37,22,19,42,8
12/16/2015,36,19,19,44,11
12/17/2015,39,19,18,24,10
12/18/2015,46,18,19,44,12
12/19/2015,68,18,19,75,13
12/20/2015,51,18,35,97,13
12/21/2015,37,18,21,36,10
12/22/2015,48,18,19,28,9
12/23/2015,41,19,19,31,13
12/24/2015,44,18,30,33,8
12/25/2015,41,19,25,52,12
12/26/2015,44,19,30,46,9
12/27/2015,53,21,28,47,15
12/28/2015,55,21,30,45,18
12/29/2015,61,22,34,41,17
12/30/2015,55,22,24,50,14
12/31/2015,43,19,29,51,9
1/1/2016,72,32,53,51,11
1/2/2016,52,32,29,50,12
1/3/2016,44,33,33,50,18
1/4/2016,61,33,36,103,24
1/5/2016,99,33,54,67,22
1/6/2016,75,33,43,55,17
1/7/2016,75,33,31,70,13
1/8/2016,60,33,30,62,9
1/9/2016,77,33,34,68,9
1/10/2016,83,39,38,86,15
1/11/2016,82,38,36,93,14
1/12/2016,72,37,38,60,20
1/13/2016,65,37,43,57,16
1/14/2016,59,38,33,53,18
1/15/2016,68,42,39,60,11
1/16/2016,68,42,34,95,15
1/17/2016,94,42,39,149,17
1/18/2016,96,44,43,107,21
1/19/2016,77,45,31,83,18
1/20/2016,61,44,39,69,18
1/21/2016,66,48,35,73,14
1/22/2016,79,41,59,52,15
1/23/2016,55,40,37,51,14
1/24/2016,55,41,42,48,14
1/25/2016,37,40,32,49,13
1/26/2016,61,42,47,54,16
1/27/2016,80,43,58,81,21
1/28/2016,64,42,30,77,15
1/29/2016,69,44,29,83,16
1/30/2016,80,42,24,62,14
1/31/2016,80,42,25,51,12
2/1/2016,71,42,22,49,11
2/2/2016,52,40,29,51,17
2/3/2016,41,43,27,57,15
2/4/2016,68,45,25,60,18
2/5/2016,61,45,27,60,17
2/6/2016,65,45,35,87,17
2/7/2016,64,39,38,59,11
2/8/2016,49,40,27,48,10
2/9/2016,22,41,19,53,7
2/10/2016,39,43,30,44,10
2/11/2016,53,43,51,65,11
2/12/2016,46,43,40,52,15
2/13/2016,73,31,99,114,23
2/14/2016,68,28,54,96,15
2/15/2016,55,28,44,63,12
2/16/2016,84,28,33,52,15
2/17/2016,71,27,33,58,11
2/18/2016,64,28,72,65,16
2/19/2016,78,27,56,85,16
2/20/2016,78,27,47,68,15
2/21/2016,83,27,42,65,14
2/22/2016,65,26,42,64,13
2/23/2016,63,27,39,79,21
2/24/2016,66,27,33,60,14
2/25/2016,46,26,33,62,15
2/26/2016,49,27,32,57,18
2/27/2016,55,27,37,57,12
2/28/2016,46,26,26,70,12
2/29/2016,53,26,30,60,15
3/1/2016,27,26,27,59,11
3/2/2016,52,26,32,51,14
3/3/2016,52,26,54,52,16
3/4/2016,68,26,40,54,12
3/5/2016,53,26,30,58,12
3/6/2016,80,26,43,72,16
3/7/2016,54,26,31,102,18
3/8/2016,74,26,28,81,17
3/9/2016,80,26,39,99,18
3/10/2016,71,26,39,133,25
3/11/2016,65,26,33,98,20
3/12/2016,61,26,36,109,24
3/13/2016,65,26,35,78,15
3/14/2016,74,26,43,71,21
3/15/2016,71,26,37,173,20
3/16/2016,60,26,40,119,19
3/17/2016,64,26,30,120,16
3/18/2016,55,26,44,61,15
3/19/2016,65,26,26,91,14
3/20/2016,62,26,30,91,11
3/21/2016,66,26,35,63,14
3/22/2016,76,26,45,74,21
3/23/2016,39,26,25,74,10
3/24/2016,52,26,27,122,14
3/25/2016,72,26,50,136,15
3/26/2016,72,26,55,128,16
3/27/2016,63,26,53,88,20
3/28/2016,63,21,38,63,11
3/29/2016,58,26,30,93,12
3/30/2016,74,27,50,64,20
3/31/2016,81,26,52,64,13
4/1/2016,81,27,66,84,17
4/2/2016,57,26,37,102,13
4/3/2016,58,27,48,80,15
4/4/2016,50,27,39,66,11
4/5/2016,54,27,40,66,11
4/6/2016,67,27,42,98,12
4/7/2016,64,27,44,77,16
4/8/2016,65,27,38,49,19
4/9/2016,70,26,39,94,22
4/10/2016,61,26,45,76,16
4/11/2016,80,27,44,139,13
4/12/2016,99,27,59,85,16
4/13/2016,71,26,34,70,20
4/14/2016,73,27,41,123,18
4/15/2016,65,27,62,117,22
4/16/2016,69,27,58,78,16
4/17/2016,65,27,38,78,11
4/18/2016,47,27,47,93,17
4/19/2016,54,27,46,80,16
4/20/2016,55,27,38,99,15
4/21/2016,51,27,51,135,20
4/22/2016,53,28,41,69,17
4/23/2016,55,30,32,65,8
4/24/2016,63,28,39,57,11
4/25/2016,65,29,42,66,12
4/26/2016,71,29,49,67,18
4/27/2016,66,30,50,76,15
4/28/2016,60,30,47,82,19
4/29/2016,57,30,39,74,10
4/30/2016,71,31,69,66,15
5/1/2016,57,29,69,62,16
5/2/2016,64,29,49,66,12
5/3/2016,70,29,48,54,10
5/4/2016,78,30,71,56,10
5/5/2016,63,28,52,46,9
5/6/2016,81,29,78,128,16
5/7/2016,77,28,46,93,13
5/8/2016,74,28,67,84,22
5/9/2016,64,29,50,145,16
5/10/2016,76,29,46,86,19
5/11/2016,71,30,39,84,10
5/12/2016,88,30,57,87,14
5/13/2016,63,29,45,94,13
5/14/2016,56,28,39,104,17
5/15/2016,62,30,46,73,8
5/16/2016,43,29,39,92,21
5/17/2016,78,29,56,83,21
5/18/2016,78,30,61,72,18
5/19/2016,69,29,56,155,12
5/20/2016,72,29,43,90,19
5/21/2016,61,28,37,81,21
5/22/2016,65,28,53,109,15
5/23/2016,59,28,40,118,20
5/24/2016,64,28,55,91,20
5/25/2016,62,28,47,82,18
5/26/2016,91,38,56,63,17
5/27/2016,89,29,55,73,29
5/28/2016,94,29,67,79,19
5/29/2016,61,28,39,59,13
5/30/2016,65,29,56,79,27
5/31/2016,65,29,46,101,14
6/1/2016,76,28,57,119,14
6/2/2016,69,27,81,75,15
6/3/2016,51,28,35,140,18
6/4/2016,88,28,61,85,18
6/5/2016,84,28,72,70,19
6/6/2016,95,28,71,113,19
6/7/2016,77,30,65,56,20
6/8/2016,54,29,38,114,14
6/9/2016,52,28,37,59,17
6/10/2016,72,27,73,65,26
6/11/2016,59,28,49,68,13
6/12/2016,73,28,58,114,14
6/13/2016,64,28,49,129,17
6/14/2016,73,29,45,85,15
6/15/2016,66,29,47,81,21
6/16/2016,65,31,47,53,19
6/17/2016,66,29,41,69,20
6/18/2016,40,29,44,33,18
6/19/2016,62,29,59,126,13
6/20/2016,77,30,65,113,20
6/21/2016,85,30,52,125,24
6/22/2016,67,28,37,127,20
6/23/2016,71,28,41,108,16
6/24/2016,71,30,49,119,16
6/25/2016,73,29,65,109,19
6/26/2016,83,29,59,78,19
6/27/2016,63,29,61,73,14
6/28/2016,76,30,51,137,16
6/29/2016,68,30,53,100,24
6/30/2016,61,28,57,78,16
7/1/2016,59,29,68,104,21
7/2/2016,79,29,67,104,15
7/3/2016,59,28,48,70,7
7/4/2016,44,28,49,55,11
7/5/2016,53,28,43,68,10
7/6/2016,60,28,65,66,14
7/7/2016,50,28,32,64,10
7/8/2016,39,28,31,65,13
7/9/2016,56,29,40,73,12
7/10/2016,62,29,42,68,12
7/11/2016,73,29,45,54,14
7/12/2016,42,28,34,76,9
7/13/2016,73,36,56,90,15
7/14/2016,86,31,53,73,20
7/15/2016,62,32,34,45,10
7/16/2016,56,28,36,54,9
7/17/2016,65,34,58,71,14
7/18/2016,53,28,55,134,16
7/19/2016,63,28,56,115,21
7/20/2016,60,28,43,81,16
7/21/2016,69,29,45,97,22
7/22/2016,73,29,45,65,14
7/23/2016,80,29,58,87,15
7/24/2016,70,29,59,103,14
7/25/2016,49,28,45,96,11
7/26/2016,70,29,42,173,14
7/27/2016,68,30,43,146,18
7/28/2016,81,30,26,72,15
7/29/2016,90,30,26,106,13
7/30/2016,56,29,51,119,20
7/31/2016,71,30,36,106,11
8/1/2016,73,29,45,100,11
8/2/2016,58,30,38,131,14
8/3/2016,64,30,41,136,21
8/4/2016,87,30,49,133,15
8/5/2016,107,30,47,108,21
8/6/2016,72,30,40,87,14
8/7/2016,81,30,37,119,11
8/8/2016,58,29,35,77,11
8/9/2016,60,28,45,63,16
8/10/2016,60,29,45,102,16
8/11/2016,63,28,41,88,18
8/12/2016,64,29,41,119,18
8/13/2016,63,29,38,103,16
8/14/2016,51,29,38,72,15
8/15/2016,50,28,45,121,19
8/16/2016,72,30,41,107,12
8/17/2016,86,33,69,59,12
8/18/2016,55,29,47,77,12
8/19/2016,71,30,46,83,15
8/20/2016,55,29,45,115,16
8/21/2016,69,30,35,88,12
8/22/2016,59,31,38,83,11
8/23/2016,65,30,33,176,13
8/24/2016,70,29,35,101,15
8/25/2016,80,34,62,133,21
8/26/2016,78,31,44,103,17
8/27/2016,79,31,58,70,12
8/28/2016,60,29,64,78,11
8/29/2016,80,29,76,66,12
8/30/2016,81,30,48,111,21
8/31/2016,78,29,79,71,26
9/1/2016,62,30,44,85,23
9/2/2016,82,29,52,141,19
9/3/2016,69,29,61,94,15
9/4/2016,73,42,42,69,18
9/5/2016,62,29,39,48,10
9/6/2016,66,30,60,61,11
9/7/2016,61,29,43,62,15
9/8/2016,60,30,36,125,15
9/9/2016,84,30,45,90,22
9/10/2016,94,31,52,73,12
9/11/2016,61,30,41,74,11
9/12/2016,58,30,35,85,14
9/13/2016,64,31,43,85,14
9/14/2016,91,31,34,79,14
9/15/2016,54,29,37,146,14
9/16/2016,86,40,84,74,23
9/17/2016,65,30,44,69,17
9/18/2016,58,30,35,96,13
9/19/2016,62,33,52,64,13
9/20/2016,66,29,63,87,18
9/21/2016,58,29,23,69,13
9/22/2016,48,29,28,60,18
9/23/2016,51,30,31,57,17
9/24/2016,56,30,43,48,12
9/25/2016,55,30,66,71,12
9/26/2016,42,29,35,69,9
9/27/2016,62,30,50,95,18
9/28/2016,61,31,40,62,19
9/29/2016,54,30,38,96,13
9/30/2016,54,30,45,58,14
10/1/2016,61,30,41,62,16
10/2/2016,54,30,31,41,7
10/3/2016,56,30,32,137,11
10/4/2016,66,30,56,126,22
10/5/2016,69,30,52,203,22
10/6/2016,53,30,42,157,20
10/7/2016,73,30,37,136,15
10/8/2016,57,30,35,82,18
10/9/2016,52,30,41,100,13
10/10/2016,62,34,46,100,22
10/11/2016,63,30,56,72,24
10/12/2016,71,30,54,54,16
10/13/2016,74,30,45,69,12
10/14/2016,67,30,83,28,12
10/15/2016,53,30,32,62,10
10/16/2016,54,30,44,60,12
10/17/2016,63,38,42,122,8
10/18/2016,66,31,37,115,20
10/19/2016,58,31,35,80,11
10/20/2016,82,31,42,95,25
10/21/2016,81,31,42,105,17
10/22/2016,87,30,53,72,26
10/23/2016,36,30,33,57,8
10/24/2016,55,31,50,145,15
10/25/2016,64,51,69,100,23
10/26/2016,51,30,39,133,11
10/27/2016,59,31,42,133,14
10/28/2016,59,31,38,120,13
10/29/2016,55,35,63,85,20
10/30/2016,53,34,42,101,10
10/31/2016,50,31,31,119,17
11/1/2016,51,30,30,59,16
11/2/2016,49,30,29,49,10
11/3/2016,55,31,33,73,12
11/4/2016,64,32,37,126,16
11/5/2016,69,32,37,150,18
11/6/2016,128,33,65,172,21
11/7/2016,79,49,46,136,22
11/8/2016,66,31,41,75,25
11/9/2016,58,31,44,143,14
11/10/2016,59,33,36,116,17
11/11/2016,70,34,47,123,25
11/12/2016,59,43,60,93,16
11/13/2016,44,30,36,65,20
11/14/2016,55,31,51,120,14
11/15/2016,51,31,48,77,11
11/16/2016,55,31,52,139,19
11/17/2016,61,32,39,106,18
11/18/2016,74,39,43,73,15
11/19/2016,59,32,56,81,18
11/20/2016,60,32,40,63,14
11/21/2016,61,31,40,65,15
11/22/2016,66,32,42,121,29
11/23/2016,66,31,32,148,21
11/24/2016,65,32,59,82,17
11/25/2016,51,32,31,41,8
11/26/2016,75,34,39,86,12
11/27/2016,93,42,78,87,18
11/28/2016,82,37,61,58,18
11/29/2016,42,31,32,70,12
11/30/2016,66,33,35,60,20
12/1/2016,65,31,36,64,16
12/2/2016,43,31,25,43,5
12/3/2016,25,31,29,34,8
12/4/2016,38,31,28,35,5
12/5/2016,23,31,26,36,6
12/6/2016,29,31,28,42,7
12/7/2016,54,31,28,56,7
12/8/2016,61,32,35,74,8
12/9/2016,55,31,28,54,10
12/10/2016,48,31,25,36,14
12/11/2016,35,31,27,50,8
12/12/2016,32,31,33,54,9
12/13/2016,47,32,28,46,16
12/14/2016,39,32,27,53,20
12/15/2016,45,31,53,33,12
12/16/2016,34,31,29,39,8
12/17/2016,34,30,25,40,11
12/18/2016,33,29,45,48,13
12/19/2016,28,29,25,37,12
12/20/2016,22,31,22,34,4
12/21/2016,23,32,23,37,5
12/22/2016,28,32,24,34,5
12/23/2016,22,31,28,34,5
12/24/2016,25,31,29,39,4
12/25/2016,30,31,29,42,5
12/26/2016,52,32,39,66,21
12/27/2016,29,31,34,54,17
12/28/2016,30,32,30,41,6
12/29/2016,37,32,33,41,7
12/30/2016,66,32,40,41,12
12/31/2016,55,33,44,59,14
1/1/2017,73,34,38,61,11
1/2/2017,39,32,33,44,15
1/3/2017,55,32,31,55,10
1/4/2017,51,33,35,87,15
1/5/2017,54,32,35,68,12
1/6/2017,38,31,34,65,13
1/7/2017,48,32,34,67,20
1/8/2017,43,33,36,54,14
1/9/2017,38,32,34,68,11
1/10/2017,59,32,51,83,17
1/11/2017,49,32,43,65,20
1/12/2017,29,32,43,65,19
1/13/2017,29,32,27,29,5
1/14/2017,23,31,23,29,6
1/15/2017,29,32,25,42,7
1/16/2017,27,17,27,34,6
1/17/2017,20,29,30,48,14
1/18/2017,28,29,25,30,6
1/19/2017,24,29,24,29,3
1/20/2017,27,30,24,30,6
1/21/2017,53,32,25,55,10
1/22/2017,63,32,35,50,11
1/23/2017,45,33,36,51,12
1/24/2017,33,28,30,34,15
1/25/2017,30,30,28,34,15
1/26/2017,39,32,28,53,13
1/27/2017,57,33,29,60,14
1/28/2017,41,31,28,49,10
1/29/2017,35,30,29,48,13
1/30/2017,39,31,28,54,9
1/31/2017,32,31,26,42,18
2/1/2017,41,32,29,44,12
2/2/2017,49,31,27,41,16
2/3/2017,53,30,30,45,13
2/4/2017,30,30,28,38,7
2/5/2017,23,28,26,37,5
2/6/2017,25,28,26,34,7
2/7/2017,39,28,34,33,8
2/8/2017,28,31,30,33,12
2/9/2017,41,31,32,41,14
2/10/2017,30,31,31,44,12
2/11/2017,32,31,36,45,11
2/12/2017,37,30,34,44,12
2/13/2017,43,31,36,56,13
2/14/2017,39,32,47,58,16
2/15/2017,29,32,36,54,12
2/16/2017,36,31,29,55,11
2/17/2017,61,29,48,50,15
2/18/2017,68,29,45,36,13
2/19/2017,78,31,80,47,11
2/20/2017,60,31,52,36,11
2/21/2017,57,31,70,65,20
2/22/2017,58,34,40,130,21
2/23/2017,54,32,41,114,16
2/24/2017,74,40,50,106,21
2/25/2017,51,31,43,90,26
2/26/2017,59,31,44,123,14
2/27/2017,36,31,39,81,13
2/28/2017,64,31,46,98,16
3/1/2017,58,32,41,83,18
3/2/2017,64,35,44,75,18
3/3/2017,60,31,54,66,19
3/4/2017,43,31,43,112,12
3/5/2017,60,32,41,107,16
3/6/2017,52,32,38,63,12
3/7/2017,52,32,37,69,15
3/8/2017,40,32,40,84,26
3/9/2017,53,33,34,119,24
3/10/2017,77,52,51,81,22
3/11/2017,66,32,45,120,18
3/12/2017,75,32,48,84,17
3/13/2017,72,32,35,81,24
3/14/2017,71,34,33,74,25
3/15/2017,61,33,34,40,17
3/16/2017,51,34,31,136,12
3/17/2017,94,38,40,99,24
3/18/2017,55,32,51,64,23
3/19/2017,51,32,46,84,20
3/20/2017,35,31,17,48,7
3/21/2017,51,31,23,40,12
3/22/2017,47,40,40,53,23
3/23/2017,56,42,46,65,24
3/24/2017,88,50,93,125,19
3/25/2017,66,43,39,73,15
3/26/2017,66,54,61,54,11
3/27/2017,52,47,39,83,20
3/28/2017,72,47,68,85,16
3/29/2017,57,50,53,77,11
3/30/2017,45,45,32,48,17
3/31/2017,31,38,26,34,8
4/1/2017,48,43,28,110,10
4/2/2017,51,39,45,96,16
4/3/2017,37,41,37,61,24
4/4/2017,47,32,41,150,19
4/5/2017,53,33,38,51,15
4/6/2017,33,33,26,28,6
4/7/2017,40,33,17,57,14
4/8/2017,23,32,17,38,6
4/9/2017,30,33,21,31,13
4/10/2017,65,35,42,113,21
4/11/2017,66,36,23,132,29
4/12/2017,52,34,26,110,17
4/13/2017,56,34,47,108,14
4/14/2017,55,34,33,81,21
4/15/2017,71,37,36,82,11
4/16/2017,73,34,53,91,26
4/17/2017,83,54,56,92,15
4/18/2017,84,35,62,113,22
4/19/2017,73,38,60,139,16
4/20/2017,65,45,57,140,20
4/21/2017,63,36,38,127,14
4/22/2017,71,34,57,88,20
4/23/2017,55,35,61,123,15
4/24/2017,70,36,39,95,19
4/25/2017,93,38,70,82,18
4/26/2017,57,34,18,57,11
4/27/2017,66,34,35,82,25
4/28/2017,56,35,28,88,24
4/29/2017,54,40,17,48,14
4/30/2017,63,43,18,139,14
5/1/2017,68,43,20,104,17
5/2/2017,62,39,27,85,31
5/3/2017,62,41,34,112,18
5/4/2017,55,42,22,96,23
5/5/2017,56,42,23,94,16
5/6/2017,56,48,22,71,20
5/7/2017,53,40,26,74,15
5/8/2017,55,41,27,83,20
5/9/2017,69,42,30,77,20
5/10/2017,80,41,28,61,17
5/11/2017,82,44,50,125,20
5/12/2017,87,42,50,117,19
5/13/2017,70,42,39,105,14
5/14/2017,71,41,38,92,22
5/15/2017,85,46,41,115,16
5/16/2017,88,44,41,108,15
5/17/2017,102,44,46,93,19
5/18/2017,76,42,37,124,13
5/19/2017,97,44,61,126,18
5/20/2017,91,44,49,111,17
5/21/2017,80,46,33,89,15
5/22/2017,65,45,36,98,13
5/23/2017,70,44,36,109,16
5/24/2017,82,44,40,102,16
5/25/2017,95,44,38,91,17
5/26/2017,83,45,46,151,14
5/27/2017,107,46,44,164,18
5/28/2017,63,46,33,79,13
5/29/2017,63,43,34,62,10
5/30/2017,62,48,40,52,15
5/31/2017,56,45,31,56,15
6/1/2017,41,41,29,37,11
6/2/2017,61,43,43,79,15
6/3/2017,81,45,43,105,11
6/4/2017,80,47,41,95,17
6/5/2017,82,50,45,98,17
6/6/2017,53,44,37,84,15
6/7/2017,60,48,36,95,14
6/8/2017,68,49,32,59,16
6/9/2017,69,47,32,75,16
6/10/2017,73,46,38,86,16
6/11/2017,104,46,41,78,16
6/12/2017,67,47,33,79,14
6/13/2017,84,46,46,90,17
6/14/2017,55,44,34,96,19
6/15/2017,74,47,35,72,14
6/16/2017,74,47,38,46,15
6/17/2017,67,48,31,85,16
6/18/2017,55,44,38,93,14
6/19/2017,65,47,35,120,15
6/20/2017,66,49,37,140,14
6/21/2017,78,48,51,83,15
6/22/2017,91,48,73,71,22
6/23/2017,109,46,47,70,17
6/24/2017,60,46,33,48,9
6/25/2017,66,47,56,49,10
6/26/2017,23,44,26,43,4
6/27/2017,20,44,24,51,5
6/28/2017,57,44,53,68,14
6/29/2017,42,44,30,73,10
6/30/2017,29,44,25,63,6
7/1/2017,41,44,42,69,12
7/2/2017,57,47,28,62,10
7/3/2017,51,46,28,60,10
7/4/2017,65,47,31,85,11
7/5/2017,70,47,29,86,14
7/6/2017,59,49,33,93,18
7/7/2017,118,49,45,143,18
7/8/2017,98,48,70,108,25
7/9/2017,62,47,33,93,11
7/10/2017,48,47,33,73,11
7/11/2017,61,50,19,74,17
7/12/2017,53,50,19,92,16
7/13/2017,57,50,39,123,18
7/14/2017,78,51,39,143,15
7/15/2017,73,49,52,72,19
7/16/2017,73,49,44,94,19
7/17/2017,70,50,35,120,14
7/18/2017,94,51,48,114,21
7/19/2017,89,51,41,153,19
7/20/2017,76,49,39,122,19
7/21/2017,66,48,32,145,21
7/22/2017,71,50,39,155,19
7/23/2017,67,49,33,91,14
7/24/2017,75,50,40,94,19
7/25/2017,71,50,35,108,17
7/26/2017,70,51,42,94,18
7/27/2017,65,50,38,118,15
7/28/2017,58,50,35,94,15
7/29/2017,50,50,31,71,12
7/30/2017,61,37,38,88,17
7/31/2017,53,30,32,123,12
8/1/2017,64,51,34,76,18
8/2/2017,58,51,35,94,15
8/3/2017,54,51,33,107,11
8/4/2017,64,51,35,104,14
8/5/2017,79,51,37,94,15
8/6/2017,81,51,39,116,13
8/7/2017,85,50,40,94,15
8/8/2017,74,51,38,133,15
8/9/2017,68,51,39,153,17
8/10/2017,58,50,32,107,18
8/11/2017,61,50,33,128,14
8/12/2017,72,51,33,97,14
8/13/2017,69,51,28,101,9
8/14/2017,80,51,35,118,18
8/15/2017,88,50,38,120,23
8/16/2017,66,51,34,134,16
8/17/2017,72,51,35,125,15
8/18/2017,73,51,34,129,10
8/19/2017,60,51,31,81,11
8/20/2017,58,50,30,88,6
8/21/2017,86,51,32,90,8
8/22/2017,92,51,42,137,10
8/23/2017,101,52,42,99,10
8/24/2017,61,51,37,71,9
8/25/2017,70,51,31,81,5
8/26/2017,71,52,37,71,9
8/27/2017,77,51,37,64,7
8/28/2017,66,51,35,55,7
8/29/2017,77,52,36,154,8
8/30/2017,62,51,34,85,16
8/31/2017,74,51,31,82,11
9/1/2017,64,51,27,76,10
9/2/2017,78,51,29,92,12
9/3/2017,107,51,39,74,13
9/4/2017,103,52,35,157,15
9/5/2017,65,52,19,92,12
9/6/2017,66,51,39,88,19
9/7/2017,68,51,37,74,16
9/8/2017,78,52,26,79,15
9/9/2017,72,52,34,96,13
9/10/2017,59,52,27,99,12
9/11/2017,65,51,29,95,18
9/12/2017,91,52,37,107,20
9/13/2017,71,53,30,145,21
9/14/2017,89,53,36,140,17
9/15/2017,93,52,31,144,23
9/16/2017,75,52,24,73,12
9/17/2017,60,52,26,78,13
9/18/2017,66,52,25,72,11
9/19/2017,67,52,22,88,10
9/20/2017,58,52,28,121,15
9/21/2017,77,54,25,100,21
9/22/2017,68,52,26,161,12
9/23/2017,81,53,31,137,19
9/24/2017,73,54,26,103,16
9/25/2017,68,52,25,109,18
9/26/2017,75,51,30,77,17
9/27/2017,62,51,27,51,15
9/28/2017,62,51,52,121,18
9/29/2017,69,44,39,132,14
9/30/2017,56,52,39,76,17
10/1/2017,53,42,34,81,12
10/2/2017,57,52,47,83,15
10/3/2017,58,52,43,84,20
10/4/2017,56,52,41,108,22
10/5/2017,69,52,40,77,17
10/6/2017,62,52,40,87,13
10/7/2017,71,52,39,134,14
10/8/2017,66,52,19,97,14
10/9/2017,72,52,38,79,15
10/10/2017,71,51,40,82,24
10/11/2017,67,52,40,107,22
10/12/2017,77,52,39,103,23
10/13/2017,58,52,39,131,24
10/14/2017,52,53,32,107,19
10/15/2017,61,53,30,103,11
10/16/2017,44,53,31,84,18
10/17/2017,52,52,47,134,18
10/18/2017,61,53,31,123,16
10/19/2017,57,52,44,86,20
10/20/2017,51,52,43,168,22
10/21/2017,84,53,53,128,27
10/22/2017,67,53,39,86,14
10/23/2017,66,52,37,89,15
10/24/2017,53,52,49,110,28
10/25/2017,55,52,38,93,19
10/26/2017,61,53,32,68,17
10/27/2017,56,53,33,126,14
10/28/2017,73,52,37,87,19
10/29/2017,80,52,52,90,20
10/30/2017,74,52,39,95,20
10/31/2017,57,52,32,119,16
11/1/2017,59,53,33,144,15
11/2/2017,83,54,37,138,18
11/3/2017,65,53,32,160,15
11/4/2017,66,53,34,91,24
11/5/2017,72,53,43,81,18
11/6/2017,54,53,32,62,12
11/7/2017,51,53,31,56,11
11/8/2017,57,53,47,65,20
11/9/2017,59,53,34,75,16
11/10/2017,52,53,45,106,18
11/11/2017,58,53,35,150,19
11/12/2017,51,52,33,99,12
11/13/2017,51,53,37,66,19
11/14/2017,58,53,42,99,22
11/15/2017,48,53,32,121,29
11/16/2017,72,54,30,125,19
11/17/2017,57,54,57,126,26
11/18/2017,60,55,31,110,16
11/19/2017,56,53,36,85,16
11/20/2017,55,54,34,128,12
11/21/2017,59,54,35,153,15
11/22/2017,65,54,41,117,23
11/23/2017,70,55,48,71,20
11/24/2017,40,53,29,42,18
11/25/2017,40,53,30,38,7
11/26/2017,28,53,25,37,6
11/27/2017,20,53,26,37,7
11/28/2017,19,53,26,33,7
11/29/2017,25,53,25,37,15
11/30/2017,29,53,32,43,13
12/1/2017,27,49,23,33,8
12/2/2017,39,49,30,32,7
12/3/2017,39,49,31,43,7
12/4/2017,30,50,25,43,5
12/5/2017,37,50,27,50,7
12/6/2017,43,51,29,95,21
12/7/2017,43,51,29,77,21
12/8/2017,41,51,27,77,19
12/9/2017,25,51,29,73,14
12/10/2017,24,51,25,38,6
12/11/2017,31,51,27,35,11
12/12/2017,24,27,36,46,9
12/13/2017,27,51,38,34,10
12/14/2017,35,51,28,59,23
12/15/2017,41,51,27,47,18
12/16/2017,63,51,38,50,18
12/17/2017,33,51,31,45,11
12/18/2017,30,52,30,41,8
12/19/2017,33,52,27,45,11
12/20/2017,39,52,31,50,12
12/21/2017,37,52,28,53,15
12/22/2017,29,52,37,52,12
12/23/2017,34,52,27,56,9
12/24/2017,38,30,29,43,7
12/25/2017,30,29,26,31,5
12/26/2017,38,30,26,40,5
12/27/2017,55,30,26,43,11
12/28/2017,31,30,26,48,18
12/29/2017,72,35,38,84,16
12/30/2017,60,34,31,81,15
12/31/2017,63,33,40,43,14
1/1/2018,76,31,38,35,9
1/2/2018,23,31,24,39,14
1/3/2018,53,35,35,101,23
1/4/2018,53,49,34,57,15
1/5/2018,44,32,26,28,10
1/6/2018,20,30,22,31,5
1/7/2018,26,30,14,46,5
1/8/2018,62,33,19,73,17
1/9/2018,45,32,16,63,14
1/10/2018,42,34,16,95,17
1/11/2018,40,38,18,81,19
1/12/2018,37,33,18,83,17
1/13/2018,51,30,17,93,21
1/14/2018,33,72,17,73,14
1/15/2018,30,72,19,70,12
1/16/2018,25,70,19,61,10
1/17/2018,35,52,19,60,13
1/18/2018,41,52,22,56,15
1/19/2018,46,51,29,48,19
1/20/2018,27,51,18,38,7
1/21/2018,25,51,18,40,8
1/22/2018,26,52,17,32,6
1/23/2018,28,52,17,57,9
1/24/2018,33,53,20,86,19
1/25/2018,26,53,22,51,15
1/26/2018,21,53,19,41,7
1/27/2018,27,54,19,63,6
1/28/2018,34,55,20,52,6
1/29/2018,22,54,18,39,7
1/30/2018,27,41,22,41,7
1/31/2018,28,54,21,58,12
2/1/2018,44,43,37,73,13
2/2/2018,47,45,56,68,12
2/3/2018,42,44,35,59,12
2/4/2018,35,47,35,57,12
2/5/2018,31,46,32,66,9
2/6/2018,45,48,71,75,16
2/7/2018,42,50,60,89,14
2/8/2018,55,49,62,89,22
2/9/2018,53,24,88,65,14
2/10/2018,43,24,52,58,16
2/11/2018,48,25,39,56,12
2/12/2018,50,21,56,70,12
2/13/2018,57,21,32,75,13
2/14/2018,60,22,27,80,17
2/15/2018,55,22,63,58,15
2/16/2018,22,22,23,68,14
2/17/2018,53,24,23,48,14
2/18/2018,40,23,23,80,9
2/19/2018,45,24,20,65,14
2/20/2018,52,32,35,62,14
2/21/2018,57,26,22,66,26
2/22/2018,53,26,66,47,19
2/23/2018,64,26,88,61,14
2/24/2018,47,23,22,76,11
2/25/2018,48,26,20,91,11
2/26/2018,46,25,33,80,15
2/27/2018,47,25,42,64,17
2/28/2018,56,28,56,80,16
3/1/2018,72,24,40,126,19
3/2/2018,51,29,34,146,17
3/3/2018,62,30,37,109,18
3/4/2018,60,30,64,194,19
3/5/2018,61,23,48,79,20
3/6/2018,64,28,30,103,16
3/7/2018,66,26,48,76,21
3/8/2018,55,29,47,107,22
3/9/2018,59,30,59,81,27
3/10/2018,60,25,27,54,12
3/11/2018,56,25,18,63,10
3/12/2018,39,24,20,46,9
3/13/2018,49,28,20,61,8
3/14/2018,62,31,20,89,11
3/15/2018,68,37,24,136,30
3/16/2018,75,30,20,191,15
3/17/2018,71,32,24,155,20
3/18/2018,72,31,54,195,14
3/19/2018,50,27,21,156,15
3/20/2018,51,29,23,202,22
3/21/2018,62,25,31,87,14
3/22/2018,30,25,18,51,9
3/23/2018,75,44,49,94,21
3/24/2018,66,30,23,55,17
3/25/2018,36,24,16,64,19
3/26/2018,51,27,24,90,19
3/27/2018,41,24,20,94,7
3/28/2018,75,31,42,195,26
3/29/2018,71,34,26,129,19
3/30/2018,56,30,34,105,30
3/31/2018,39,48,15,67,8
4/1/2018,45,25,17,57,13
4/2/2018,46,27,18,57,19
4/3/2018,50,26,27,80,26
4/4/2018,45,28,20,96,28
4/5/2018,81,37,29,202,18
4/6/2018,56,29,21,144,12
4/7/2018,68,31,29,74,12
4/8/2018,45,28,16,51,12
4/9/2018,53,33,20,85,11
4/10/2018,52,36,19,66,15
4/11/2018,71,33,23,92,13
4/12/2018,69,58,16,57,14
4/13/2018,54,56,16,121,11
4/14/2018,51,22,21,141,12
4/15/2018,59,27,23,168,13
4/16/2018,65,33,27,185,18
4/17/2018,63,26,24,142,16
4/18/2018,81,29,26,80,23
4/19/2018,86,27,33,133,22
4/20/2018,76,24,30,92,18
4/21/2018,73,26,43,162,25
4/22/2018,70,26,29,117,18
4/23/2018,51,22,30,84,16
4/24/2018,61,23,33,90,34
4/25/2018,69,23,37,48,18
4/26/2018,71,30,34,56,25
4/27/2018,62,23,22,48,16
4/28/2018,57,25,23,96,16
4/29/2018,67,23,26,120,18
4/30/2018,78,24,29,89,22
5/1/2018,73,25,19,101,18
5/2/2018,88,25,22,183,18
5/3/2018,103,27,23,166,20
5/4/2018,91,27,46,164,23
5/5/2018,78,26,27,137,17
5/6/2018,70,26,17,109,15
5/7/2018,68,27,17,77,16
5/8/2018,79,26,21,204,17
5/9/2018,93,27,21,156,20
5/10/2018,73,25,18,107,15
5/11/2018,74,27,16,83,18
5/12/2018,103,27,29,144,21
5/13/2018,96,26,26,131,14
5/14/2018,87,26,20,178,13
5/15/2018,94,27,25,143,17
5/16/2018,87,28,23,151,16
5/17/2018,65,25,19,80,16
5/18/2018,78,26,26,86,11
5/19/2018,59,24,13,102,10
5/20/2018,61,25,29,98,12
5/21/2018,60,25,20,185,16
5/22/2018,58,25,14,80,10
5/23/2018,58,26,12,74,12
5/24/2018,42,25,12,94,10
5/25/2018,66,26,22,92,11
5/26/2018,71,29,24,119,13
5/27/2018,62,26,23,156,10
5/28/2018,81,24,55,120,33
5/29/2018,84,31,21,118,20
5/30/2018,86,25,24,191,20
5/31/2018,83,28,21,183,20
6/1/2018,75,27,30,115,15
6/2/2018,78,26,14,86,18
6/3/2018,82,26,16,145,17
6/4/2018,73,27,11,125,19
6/5/2018,69,26,13,146,14
6/6/2018,78,26,16,133,13
6/7/2018,79,25,21,179,18
6/8/2018,68,27,16,162,17
6/9/2018,100,27,39,167,22
6/10/2018,75,27,28,203,17
6/11/2018,74,27,14,169,14
6/12/2018,67,26,18,161,13
6/13/2018,64,25,30,163,16
6/14/2018,56,25,18,144,7
6/15/2018,60,26,21,161,8
6/16/2018,61,37,31,139,17
6/17/2018,49,27,11,88,8
6/18/2018,51,27,10,75,10
6/19/2018,60,26,13,97,10
6/20/2018,73,26,16,86,10
6/21/2018,51,27,11,70,5
6/22/2018,66,28,17,94,13
6/23/2018,81,27,14,77,10
6/24/2018,50,25,15,110,10
6/25/2018,35,25,14,100,11
6/26/2018,56,26,43,107,23
6/27/2018,60,26,23,136,19
6/28/2018,69,27,24,146,10
6/29/2018,73,28,18,213,20
6/30/2018,67,30,17,193,15
7/1/2018,96,28,27,205,20
7/2/2018,79,29,28,142,20
7/3/2018,79,29,23,166,16
7/4/2018,104,31,24,209,19
7/5/2018,63,29,16,123,13
7/6/2018,74,31,16,113,19
7/7/2018,95,32,32,104,24
7/8/2018,95,29,32,111,22
7/9/2018,69,29,17,116,17
7/10/2018,87,29,19,124,16
7/11/2018,73,32,17,129,20
7/12/2018,74,32,16,117,18
7/13/2018,80,30,17,107,18
7/14/2018,84,33,19,117,19
7/15/2018,63,29,14,129,11
7/16/2018,61,33,14,222,18
7/17/2018,81,30,20,205,19
7/18/2018,88,29,25,208,20
7/19/2018,82,30,19,188,19
7/20/2018,79,30,16,113,18
7/21/2018,74,32,14,151,16
7/22/2018,77,29,22,166,15
7/23/2018,63,25,23,191,22
7/24/2018,92,32,23,184,22
7/25/2018,75,29,23,153,17
7/26/2018,78,33,22,168,20
7/27/2018,86,31,19,197,18
7/28/2018,92,32,31,234,20
7/29/2018,77,30,23,202,20
7/30/2018,92,31,23,174,27
7/31/2018,79,29,22,156,21
8/1/2018,86,31,21,129,24
8/2/2018,68,31,18,207,20
8/3/2018,68,32,16,211,17
8/4/2018,59,31,16,194,16
8/5/2018,65,35,14,203,16
8/6/2018,71,34,13,202,23
8/7/2018,79,35,21,162,25
8/8/2018,92,33,28,144,29
8/9/2018,75,37,22,186,18
8/10/2018,65,33,18,165,17
8/11/2018,69,31,17,126,19
8/12/2018,77,31,20,127,15
8/13/2018,66,30,14,134,14
8/14/2018,74,31,19,151,13
8/15/2018,62,30,15,185,16
8/16/2018,72,31,17,140,15
8/17/2018,62,31,15,154,13
8/18/2018,62,30,14,143,14
8/19/2018,79,32,20,149,13
8/20/2018,80,30,19,101,11
8/21/2018,73,32,16,122,11
8/22/2018,62,31,16,164,9
8/23/2018,62,30,17,161,16
8/24/2018,81,32,22,110,18
8/25/2018,76,31,19,202,13
8/26/2018,75,30,16,131,12
8/27/2018,79,31,20,166,13
8/28/2018,83,31,17,182,13
8/29/2018,67,30,16,161,13
8/30/2018,85,31,17,153,16
8/31/2018,65,30,18,130,11
9/1/2018,68,29,20,145,13
9/2/2018,73,30,20,136,11
9/3/2018,62,37,23,175,24
9/4/2018,52,37,22,217,24
9/5/2018,53,31,15,140,24
9/6/2018,82,44,25,148,17
9/7/2018,69,33,21,147,10
9/8/2018,51,33,19,175,16
9/9/2018,81,34,30,126,16
9/10/2018,69,33,20,132,12
9/11/2018,63,33,16,102,11
9/12/2018,61,32,16,164,13
9/13/2018,70,46,19,190,13
9/14/2018,62,44,18,233,17
9/15/2018,68,37,17,196,23
9/16/2018,82,34,15,119,11
9/17/2018,62,33,17,83,14
9/18/2018,64,32,18,141,11
9/19/2018,58,34,16,85,11
9/20/2018,70,34,19,77,12
9/21/2018,80,33,34,75,12
9/22/2018,58,33,25,157,13
9/23/2018,84,33,29,130,14
9/24/2018,69,33,25,152,21
9/25/2018,78,32,31,197,16
9/26/2018,94,50,26,202,21
9/27/2018,72,37,21,146,18
9/28/2018,70,33,22,194,17
9/29/2018,62,33,21,165,15
9/30/2018,63,32,20,145,11
10/1/2018,92,33,17,124,12
10/2/2018,76,41,22,88,21
10/3/2018,70,32,20,144,11
10/4/2018,73,32,24,109,11
10/5/2018,67,34,18,146,13
10/6/2018,70,33,21,123,12
10/7/2018,87,34,22,128,12
10/8/2018,66,34,19,185,12
10/9/2018,62,34,19,173,11
10/10/2018,79,36,24,190,18
10/11/2018,81,36,17,149,13
10/12/2018,77,35,22,118,16
10/13/2018,64,35,20,189,25
10/14/2018,86,35,20,138,16
10/15/2018,73,33,19,119,12
10/16/2018,74,33,23,210,19
10/17/2018,75,34,23,217,19
10/18/2018,72,36,20,207,22
10/19/2018,66,30,23,146,17
10/20/2018,57,31,18,212,14
10/21/2018,65,33,22,139,17
10/22/2018,71,28,21,150,12
10/23/2018,44,26,19,148,16
10/24/2018,73,35,31,139,21
10/25/2018,67,30,25,97,19
10/26/2018,67,29,20,119,21
10/27/2018,77,26,26,104,11
10/28/2018,43,23,20,90,16
10/29/2018,49,25,24,85,13
10/30/2018,61,31,25,104,10
10/31/2018,57,27,20,97,15
11/1/2018,74,27,35,95,16
11/2/2018,50,26,21,85,13
11/3/2018,76,29,24,173,14
11/4/2018,56,26,31,110,18
11/5/2018,56,24,23,101,17
11/6/2018,53,28,20,122,12
11/7/2018,59,28,26,96,30
11/8/2018,63,32,24,89,21
11/9/2018,61,24,22,98,16
11/10/2018,60,24,36,166,19
11/11/2018,71,40,35,104,16
11/12/2018,66,24,31,144,15
11/13/2018,66,23,31,129,23
11/14/2018,60,23,25,65,17
11/15/2018,40,23,20,51,8
11/16/2018,54,31,22,234,16
11/17/2018,65,36,18,145,16
11/18/2018,59,28,22,120,16
11/19/2018,81,25,31,90,17
11/20/2018,56,25,21,94,16
11/21/2018,66,31,21,163,22
11/22/2018,69,26,25,129,20
11/23/2018,66,27,26,203,22
11/24/2018,61,24,38,193,22
11/25/2018,57,25,21,77,15
11/26/2018,73,24,26,90,20
11/27/2018,63,24,28,126,19
11/28/2018,63,26,22,109,17
11/29/2018,62,27,33,76,26
11/30/2018,53,24,20,131,15
12/1/2018,60,26,27,112,17
12/2/2018,73,36,22,132,21
12/3/2018,65,31,21,97,20
12/4/2018,64,24,31,71,21
12/5/2018,62,25,33,81,22
12/6/2018,61,27,33,94,17
12/7/2018,59,40,29,134,15
12/8/2018,68,25,30,134,27
12/9/2018,60,25,25,104,19
12/10/2018,68,24,32,137,19
12/11/2018,82,26,50,123,34
12/12/2018,58,26,31,214,22
12/13/2018,52,26,24,117,26
12/14/2018,50,24,21,92,18
12/15/2018,37,24,16,47,6
12/16/2018,46,25,11,63,9
12/17/2018,41,30,12,128,12
12/18/2018,51,27,16,160,14
12/19/2018,62,27,24,195,19
12/20/2018,55,27,24,97,18
12/21/2018,41,25,19,64,17
12/22/2018,58,32,21,66,18
12/23/2018,48,26,19,44,21
12/24/2018,34,24,9,45,5
12/25/2018,29,24,7,70,4
12/26/2018,31,25,7,69,5
12/27/2018,29,25,15,55,6
12/28/2018,33,24,7,63,3
12/29/2018,30,24,6,50,8
12/30/2018,48,12,6,53,4
12/31/2018,44,18,6,43,4
1/1/2019,29,15,7,71,13
1/2/2019,24,17,6,79,6
1/3/2019,23,16,6,65,4
1/4/2019,42,18,10,64,11
1/5/2019,54,29,16,51,20
1/6/2019,69,34,30,105,27
1/7/2019,71,47,16,132,25
1/8/2019,51,22,25,143,26
1/9/2019,61,22,28,198,21
1/10/2019,59,22,27,128,18
1/11/2019,63,23,28,91,13
1/12/2019,57,26,24,90,16
1/13/2019,65,24,28,119,15
1/14/2019,65,25,32,99,18
1/15/2019,72,27,26,59,13
1/16/2019,37,23,19,64,7
1/17/2019,56,23,23,101,14
1/18/2019,27,23,16,103,13
1/19/2019,44,24,27,127,13
1/20/2019,74,30,39,82,17
1/21/2019,62,24,22,94,12
1/22/2019,39,24,23,92,9
1/23/2019,59,23,37,70,14
1/24/2019,51,19,20,81,12
1/25/2019,32,19,25,74,12
1/26/2019,63,22,37,118,17
1/27/2019,56,18,49,74,10
1/28/2019,53,20,34,77,15
1/29/2019,48,19,33,88,11
1/30/2019,47,21,32,73,16
1/31/2019,56,23,22,54,17
2/1/2019,61,20,47,93,12
2/2/2019,61,37,47,79,14
2/3/2019,64,26,34,95,13
2/4/2019,56,27,27,86,10
2/5/2019,57,20,36,80,10
2/6/2019,52,26,20,75,13
2/7/2019,70,39,34,65,19
2/8/2019,63,44,23,132,18
2/9/2019,59,24,25,144,22
2/10/2019,59,23,28,81,17
2/11/2019,37,19,19,71,16
2/12/2019,56,34,36,94,17
2/13/2019,67,26,43,71,18
2/14/2019,73,35,39,91,17
2/15/2019,54,23,19,89,14
2/16/2019,42,21,15,111,12
2/17/2019,55,20,20,79,12
2/18/2019,51,23,31,88,22
2/19/2019,72,26,31,123,21
2/20/2019,69,24,41,70,23
2/21/2019,69,26,29,86,18
2/22/2019,60,34,34,77,19
2/23/2019,42,22,24,102,15
2/24/2019,57,26,29,88,14
2/25/2019,59,28,32,115,12
2/26/2019,61,29,25,88,14
2/27/2019,64,22,24,67,17
2/28/2019,56,21,22,98,13
3/1/2019,58,19,29,70,15
3/2/2019,50,51,25,62,12
3/3/2019,53,23,22,82,15
3/4/2019,55,22,32,104,22
3/5/2019,47,21,28,83,22
3/6/2019,54,21,25,60,19
3/7/2019,55,24,39,112,17
3/8/2019,78,25,41,155,27
3/9/2019,67,35,29,215,27
3/10/2019,60,26,23,164,19
3/11/2019,55,23,20,55,18
3/12/2019,41,20,20,51,12
3/13/2019,50,27,28,122,22
3/14/2019,58,26,52,162,36
3/15/2019,71,29,29,132,35
3/16/2019,60,26,43,128,15
3/17/2019,51,21,18,82,9
3/18/2019,52,21,18,65,10
3/19/2019,38,20,18,68,6
3/20/2019,38,20,16,65,12
3/21/2019,58,21,21,74,10
3/22/2019,55,20,24,58,12
3/23/2019,40,20,15,75,15
3/24/2019,36,20,9,55,4
3/25/2019,40,20,14,42,7
3/26/2019,71,21,36,89,16
3/27/2019,57,22,25,192,15
3/28/2019,56,21,36,130,18
3/29/2019,62,24,34,182,20
3/30/2019,62,24,25,190,16
3/31/2019,62,23,35,194,18
4/1/2019,68,21,37,167,20
4/2/2019,72,21,49,101,15
4/3/2019,69,21,44,146,18
4/4/2019,61,21,30,172,17
4/5/2019,59,25,25,83,18
4/6/2019,74,21,38,195,23
4/7/2019,72,21,41,243,13
4/8/2019,57,22,24,235,17
4/9/2019,72,25,27,127,18
4/10/2019,82,25,32,199,27
4/11/2019,69,23,23,153,17
4/12/2019,55,22,38,78,10
4/13/2019,55,21,42,62,10
4/14/2019,45,22,37,112,14
4/15/2019,64,22,39,122,23
4/16/2019,62,22,43,119,16
4/17/2019,69,22,39,80,16
4/18/2019,73,21,26,111,16
4/19/2019,60,22,21,42,9
4/20/2019,33,21,16,105,20
4/21/2019,60,22,27,110,16
4/22/2019,60,23,24,63,9
4/23/2019,63,24,18,73,10
4/24/2019,57,22,20,72,15
4/25/2019,67,22,45,85,12
4/26/2019,42,21,22,124,22
4/27/2019,55,21,38,90,11
4/28/2019,65,22,46,78,11
4/29/2019,56,22,35,130,19
4/30/2019,59,22,29,111,21
5/1/2019,53,21,29,80,11
5/2/2019,48,13,18,29,6
5/3/2019,50,26,24,99,16
5/4/2019,72,22,32,92,15
5/5/2019,59,22,34,91,15
5/6/2019,52,16,22,93,13
5/7/2019,71,18,31,89,16
5/8/2019,77,23,52,132,21
5/9/2019,69,23,32,149,22
5/10/2019,57,22,26,87,16
5/11/2019,52,21,22,65,13
5/12/2019,69,22,24,76,12
5/13/2019,---,---,---,---,---
5/14/2019,---,---,---,---,---
5/15/2019,---,---,---,---,---
5/16/2019,---,---,---,---,---
5/17/2019,---,---,---,---,---
5/18/2019,---,---,---,---,---
5/19/2019,---,---,---,---,---
5/20/2019,---,---,---,---,---
5/21/2019,---,---,---,---,---
5/22/2019,---,---,---,---,---
5/23/2019,---,---,---,---,---
5/24/2019,---,---,---,---,---
5/25/2019,---,---,---,---,---
5/26/2019,---,---,---,---,---
5/27/2019,---,---,---,---,---
5/28/2019,---,---,---,---,---
5/29/2019,---,---,---,---,---
5/30/2019,---,---,---,---,---
5/31/2019,---,---,---,---,---
6/1/2019,63,23,19,104,15
6/2/2019,70,23,23,106,14
6/3/2019,55,23,18,89,10
6/4/2019,75,24,20,82,11
6/5/2019,82,25,26,65,13
6/6/2019,51,23,11,75,9
6/7/2019,51,24,11,54,8
6/8/2019,50,22,13,105,9
6/9/2019,51,23,18,98,15
6/10/2019,57,23,20,88,16
6/11/2019,57,24,22,105,22
6/12/2019,68,24,22,108,18
6/13/2019,79,24,25,148,21
6/14/2019,73,25,21,98,16
6/15/2019,57,24,27,112,24
6/16/2019,66,24,24,107,17
6/17/2019,75,25,24,93,14
6/18/2019,69,27,20,74,12
6/19/2019,80,27,19,92,16
6/20/2019,87,25,34,99,17
6/21/2019,79,27,23,103,13
6/22/2019,80,28,19,133,15
6/23/2019,72,26,20,134,17
6/24/2019,79,27,20,103,13
6/25/2019,89,26,25,89,14
6/26/2019,84,27,21,80,15
6/27/2019,81,26,25,142,17
6/28/2019,69,29,28,143,21
6/29/2019,69,29,26,173,17
6/30/2019,64,27,16,83,12
7/1/2019,69,26,23,96,15
7/2/2019,71,26,24,108,15
7/3/2019,71,28,21,87,16
7/4/2019,77,25,20,78,16
7/5/2019,67,26,23,91,13
7/6/2019,62,27,22,82,13
7/7/2019,63,26,12,58,7
7/8/2019,61,27,17,84,10
7/9/2019,69,26,22,111,18
7/10/2019,64,31,14,91,15
7/11/2019,71,28,20,63,14
7/12/2019,67,28,17,77,13
7/13/2019,67,27,18,163,14
7/14/2019,84,29,22,160,17
7/15/2019,70,26,23,77,18
7/16/2019,78,27,24,92,19
7/17/2019,68,27,27,107,19
7/18/2019,74,27,23,87,16
7/19/2019,68,28,26,58,18
7/20/2019,75,27,22,113,22
7/21/2019,79,27,18,91,12
7/22/2019,71,25,24,121,21
7/23/2019,83,28,23,78,15
7/24/2019,76,28,20,92,19
7/25/2019,79,28,37,124,25
7/26/2019,83,28,21,96,21
7/27/2019,73,27,17,94,13
7/28/2019,90,27,17,115,13
7/29/2019,75,27,27,129,17
7/30/2019,83,27,26,99,15
8/1/2019,71,27,22,115,18
8/2/2019,76,28,22,96,20
8/3/2019,77,28,20,92,19
8/4/2019,71,27,18,80,17
8/5/2019,64,28,0,117,22
8/6/2019,66,29,20,140,18
8/7/2019,79,28,22,127,14
8/8/2019,98,22,24,146,21
8/9/2019,74,29,21,119,18
8/10/2019,82,29,24,100,18
8/11/2019,68,27,21,72,9
8/12/2019,71,27,17,73,10
8/13/2019,70,29,21,57,10
8/14/2019,67,28,19,69,18
8/15/2019,72,28,22,102,17
8/16/2019,92,28,48,207,19
8/17/2019,71,27,22,174,14
8/18/2019,69,27,25,108,10
8/19/2019,71,29,25,185,19
8/20/2019,75,31,23,171,18
8/21/2019,70,30,20,76,11
8/22/2019,70,21,20,88,14
8/23/2019,81,28,29,201,18
8/24/2019,77,28,22,171,19
8/25/2019,66,29,17,128,12
8/26/2019,78,30,22,184,16
8/27/2019,79,35,24,149,22
8/28/2019,69,27,28,108,17
8/29/2019,76,28,28,132,14
8/30/2019,72,30,22,96,12
8/31/2019,76,29,30,78,15
9/1/2019,74,22,26,109,10
9/2/2019,71,20,24,187,16
9/3/2019,73,31,20,141,20
9/4/2019,78,30,24,144,13
9/5/2019,75,30,26,113,12
9/6/2019,74,30,23,127,15
9/7/2019,73,30,26,127,15
9/8/2019,65,31,20,126,11
9/9/2019,67,29,20,106,14
9/10/2019,70,30,21,91,13
9/11/2019,75,32,25,160,16
9/12/2019,78,30,25,143,18
9/13/2019,84,33,23,156,18
9/14/2019,76,32,21,156,15
9/15/2019,74,31,22,99,14
9/16/2019,67,30,24,74,10
9/17/2019,66,32,21,77,14
9/18/2019,71,32,22,132,16
9/19/2019,70,32,25,107,12
9/20/2019,66,31,19,91,13
9/21/2019,63,34,16,169,14
9/22/2019,78,32,16,153,12
9/23/2019,70,33,18,87,12
9/24/2019,73,32,18,112,12
9/25/2019,78,26,24,174,17
9/26/2019,74,31,21,110,14
9/27/2019,72,31,23,131,16
9/28/2019,63,33,18,102,10
9/29/2019,75,31,19,115,14
9/30/2019,71,31,18,146,14
10/1/2019,134,33,20,184,16
10/2/2019,79,34,15,153,16
10/3/2019,78,31,19,138,21
10/4/2019,76,33,19,169,23
10/5/2019,73,51,14,89,38
10/6/2019,62,31,10,164,8
10/7/2019,73,33,15,100,11
10/8/2019,90,34,22,138,13
10/9/2019,68,31,19,130,16
10/10/2019,73,32,20,173,18
10/11/2019,80,33,21,207,24
10/12/2019,77,33,31,177,14
10/13/2019,70,33,17,173,13
10/14/2019,79,34,18,156,13
10/15/2019,64,32,18,178,14
10/16/2019,74,31,23,144,17
10/17/2019,64,31,20,156,12
10/18/2019,60,33,17,104,14
10/19/2019,75,32,19,78,11
10/20/2019,71,32,24,147,12
10/21/2019,73,33,40,87,11
10/22/2019,70,33,16,135,16
10/23/2019,70,33,20,140,17
10/24/2019,77,34,18,129,18
10/25/2019,75,33,19,172,12
10/26/2019,75,34,19,180,15
10/27/2019,83,34,28,153,12
10/28/2019,68,19,21,121,15
10/29/2019,85,34,30,97,14
10/30/2019,69,34,21,171,16
10/31/2019,76,35,18,120,14
11/1/2019,55,34,16,120,14
11/2/2019,59,32,17,87,13
11/3/2019,58,34,14,92,12
11/4/2019,57,34,16,137,12
11/5/2019,70,34,19,193,17
11/6/2019,65,33,27,156,17
11/7/2019,68,35,24,209,21
11/8/2019,85,35,26,150,24
11/9/2019,81,38,17,220,16
11/10/2019,80,35,16,183,20
11/11/2019,70,36,13,162,18
11/12/2019,71,22,22,134,16
11/13/2019,80,35,34,125,20
11/14/2019,76,34,32,60,15
11/15/2019,73,37,33,94,11
11/16/2019,66,36,20,81,12
11/17/2019,63,35,20,126,14
11/18/2019,69,35,17,165,22
11/19/2019,72,35,21,100,17
11/20/2019,53,21,18,134,15
11/21/2019,72,36,21,103,14
11/22/2019,60,35,27,112,17
11/23/2019,85,36,34,146,19
11/24/2019,68,37,27,167,13
11/25/2019,67,36,23,160,18
11/26/2019,81,35,30,125,15
11/27/2019,70,34,38,101,12
11/28/2019,71,36,28,106,14
11/29/2019,63,35,25,124,11
11/30/2019,56,34,26,111,13
12/1/2019,63,34,30,117,10
12/2/2019,53,35,21,136,14
12/3/2019,68,23,28,107,16
12/4/2019,61,36,29,125,13
12/5/2019,61,34,22,143,13
12/6/2019,61,35,25,159,11
12/7/2019,48,35,20,86,10
12/8/2019,56,35,29,120,10
12/9/2019,71,35,30,155,19
12/10/2019,63,35,24,91,12
12/11/2019,74,37,31,184,14
12/12/2019,74,36,28,87,14
12/13/2019,71,37,29,120,13
12/14/2019,63,37,23,94,13
12/15/2019,63,36,19,99,11
12/16/2019,76,36,22,88,18
12/17/2019,62,36,22,75,12
12/18/2019,58,35,28,140,17
12/19/2019,64,37,30,96,14
12/20/2019,72,38,30,99,16
12/21/2019,72,37,35,109,15
12/22/2019,53,36,24,94,13
12/23/2019,60,36,32,99,18
12/24/2019,68,37,34,105,11
12/25/2019,58,37,26,73,9
12/26/2019,54,37,22,91,12
12/27/2019,55,38,26,84,11
12/28/2019,64,37,34,61,11
12/29/2019,64,38,36,69,10
12/30/2019,77,37,55,89,9
12/31/2019,52,37,23,55,9
1/1/2020,38,36,25,46,9
1/2/2020,45,36,39,102,8
1/3/2020,51,37,27,63,10
1/4/2020,51,38,19,85,10
1/5/2020,52,39,25,62,9
1/6/2020,62,37,39,64,9
1/7/2020,50,38,39,66,11
1/8/2020,52,40,22,70,11
1/9/2020,82,38,58,71,13
1/10/2020,44,37,27,47,9
1/11/2020,44,38,25,80,9
1/12/2020,43,38,17,46,5
1/13/2020,42,38,15,51,8
1/14/2020,40,32,17,48,9
1/15/2020,44,29,16,63,9
1/16/2020,70,60,41,78,12
1/17/2020,86,34,40,125,20
1/18/2020,59,30,25,75,7
1/19/2020,76,34,71,110,15
1/20/2020,56,31,20,65,9
1/21/2020,62,36,41,50,15
1/22/2020,82,36,43,64,15
1/23/2020,60,32,29,59,18
1/24/2020,71,30,31,44,13
1/25/2020,40,29,34,80,12
1/26/2020,63,30,51,89,11
1/27/2020,48,30,29,83,13
1/28/2020,72,31,39,74,17
1/29/2020,70,30,42,92,19
1/30/2020,38,30,21,80,20
1/31/2020,56,30,27,54,16
2/1/2020,57,30,39,73,14
2/2/2020,52,30,35,64,12
2/3/2020,59,30,50,46,15
2/4/2020,43,30,53,51,14
2/5/2020,67,30,57,52,12
2/6/2020,63,30,26,50,18
2/7/2020,55,28,28,50,16
2/8/2020,74,30,24,67,12
2/9/2020,48,30,35,50,12
2/10/2020,51,31,27,91,15
2/11/2020,75,32,26,98,16
2/12/2020,65,35,19,126,19
2/13/2020,63,33,23,83,20
2/14/2020,81,33,36,60,18
2/15/2020,74,26,51,191,17
2/16/2020,70,23,35,118,16
2/17/2020,43,21,30,170,12
2/18/2020,62,30,55,182,15
2/19/2020,54,22,28,62,11
2/20/2020,43,20,21,73,13
2/21/2020,35,20,25,80,14
2/22/2020,58,19,75,85,13
2/23/2020,39,15,37,88,9
2/24/2020,32,19,21,89,9
2/25/2020,40,19,25,92,13
2/26/2020,52,19,27,89,13
2/27/2020,54,18,40,84,13
2/28/2020,56,21,33,121,16
2/29/2020,64,22,52,144,13
3/1/2020,---,---,---,---,---
3/2/2020,22,---,35,213,11
3/3/2020,22,---,---,201,15
3/4/2020,54,---,39,152,13
3/5/2020,59,---,32,206,5
3/6/2020,24,17,52,95,3
3/7/2020,34,27,40,54,7
3/8/2020,30,24,40,58,5
3/9/2020,52,22,38,59,7
3/10/2020,32,21,39,43,4
3/11/2020,25,20,36,41,4
3/12/2020,34,20,46,63,4
3/13/2020,44,19,58,72,10
3/14/2020,32,19,51,69,6
3/15/2020,66,22,59,179,8
3/16/2020,53,18,63,92,8
3/17/2020,48,19,62,70,9
3/18/2020,40,18,38,101,9
3/19/2020,45,18,35,90,6
3/20/2020,69,---,33,99,7
3/21/2020,51,---,11,83,8
3/22/2020,42,---,15,84,6
3/23/2020,27,---,5,71,7
3/24/2020,52,---,14,105,7
3/25/2020,70,---,25,93,11
3/26/2020,34,---,6,99,5
3/27/2020,44,---,9,67,5
3/28/2020,40,---,6,117,5
3/29/2020,58,11,12,124,6
3/30/2020,65,14,11,91,7
3/31/2020,53,9,10,76,5
3/31/2020,47,11,14,96,6
4/1/2020,51,25,35,129,10
4/2/2020,55,25,22,57,7
4/3/2020,55,27,22,62,6
4/4/2020,66,28,25,83,7
4/5/2020,66,28,19,103,8
4/6/2020,56,26,29,73,9
4/7/2020,42,25,23,56,9
4/8/2020,33,26,13,69,7
4/9/2020,59,28,19,73,10
4/10/2020,65,27,26,132,12
4/11/2020,109,27,18,135,6
4/12/2020,82,27,31,136,13
4/13/2020,52,26,17,86,9
4/14/2020,54,28,22,109,10
4/15/2020,57,27,19,109,11
4/16/2020,60,27,17,87,13
4/17/2020,60,27,19,92,11
4/18/2020,53,28,15,100,10
4/19/2020,73,29,20,147,14
4/20/2020,78,28,20,116,9
4/21/2020,69,28,17,59,10
4/22/2020,111,31,26,75,11
4/23/2020,66,27,17,88,9
4/24/2020,71,27,22,70,8
4/25/2020,64,26,29,77,9
4/26/2020,75,26,23,101,10
4/27/2020,51,25,18,131,8
4/28/2020,59,20,22,82,13
4/29/2020,67,25,19,85,11
4/30/2020,80,22,37,77,17
5/1/2020,55,26,21,83,10
5/2/2020,36,22,12,80,9
5/3/2020,65,34,35,49,11
5/4/2020,53,21,14,75,8
5/5/2020,53,22,18,73,9
5/6/2020,52,22,14,63,7
5/7/2020,67,24,18,69,9
5/8/2020,91,22,18,120,10
5/9/2020,77,22,22,75,12
5/10/2020,72,23,27,81,15
5/11/2020,54,24,18,83,8
5/12/2020,57,23,20,81,10
5/13/2020,55,22,17,79,8
5/14/2020,61,23,17,64,12
5/15/2020,66,23,18,62,9
5/16/2020,65,23,17,77,8
5/17/2020,74,23,18,122,9
5/18/2020,62,21,15,79,10
5/19/2020,42,23,15,119,13
5/20/2020,61,23,14,73,9
5/21/2020,33,23,14,79,12
5/22/2020,70,22,16,88,17
5/23/2020,42,22,15,87,8
5/24/2020,62,21,26,65,11
5/25/2020,50,25,15,44,9
5/26/2020,52,42,18,45,8
5/27/2020,37,22,12,76,10
5/28/2020,64,35,16,136,16
5/29/2020,62,27,16,134,12
5/30/2020,63,38,36,73,11
5/31/2020,54,32,28,66,9
6/1/2020,61,23,22,69,10
6/2/2020,50,22,20,57,8
6/3/2020,47,21,14,48,11
6/4/2020,56,31,18,41,11
6/5/2020,62,24,17,96,12
6/6/2020,69,24,16,98,14
6/7/2020,66,26,19,96,15
6/8/2020,72,23,23,56,12
6/9/2020,81,24,38,61,13
6/10/2020,67,21,24,61,14
6/11/2020,63,24,17,79,10
6/12/2020,55,22,14,97,13
6/13/2020,68,24,14,99,12
6/14/2020,64,30,17,97,12
6/15/2020,76,23,18,95,13
6/16/2020,74,24,24,59,11
6/17/2020,74,23,20,73,12
6/18/2020,67,24,20,79,9
6/19/2020,57,22,14,75,11
6/20/2020,73,23,20,92,17
6/21/2020,67,22,17,90,10
6/22/2020,71,25,19,69,11
6/23/2020,58,22,21,70,15
6/24/2020,58,22,16,124,19
6/25/2020,80,25,53,85,23
6/26/2020,78,24,23,97,19
6/27/2020,75,25,18,69,14
6/28/2020,80,25,16,81,11
6/29/2020,78,24,15,90,15
6/30/2020,79,24,18,86,15
7/1/2020,74,29,15,94,14
7/2/2020,79,24,20,71,13
7/3/2020,58,27,23,88,14
7/4/2020,70,23,16,71,14
7/5/2020,67,24,16,57,12
7/6/2020,75,39,16,66,16
7/7/2020,57,30,15,63,16
7/8/2020,69,28,15,90,15
7/9/2020,60,22,14,102,12
7/10/2020,70,24,21,113,19
7/11/2020,86,23,20,111,16
7/12/2020,68,22,24,79,9
7/13/2020,68,25,20,71,13
7/14/2020,69,23,15,71,16
7/15/2020,63,22,14,51,12
7/16/2020,55,27,13,52,11
7/17/2020,66,31,17,68,14
7/18/2020,59,25,17,84,15
7/19/2020,71,25,21,90,10
7/20/2020,66,20,14,119,12
7/21/2020,87,24,48,95,14
7/22/2020,63,23,20,75,15
7/23/2020,63,25,15,130,11
7/24/2020,67,24,18,98,13
7/25/2020,69,24,13,92,11
7/26/2020,62,26,11,79,10
7/27/2020,67,31,12,89,12
7/28/2020,71,24,21,160,14
7/29/2020,67,24,17,164,14
7/30/2020,76,24,14,136,14
7/31/2020,68,25,13,115,14
8/1/2020,69,22,16,134,14
8/2/2020,91,27,26,102,16
8/3/2020,95,26,19,90,16
8/4/2020,73,27,12,91,12
8/5/2020,86,26,15,84,15
8/6/2020,88,27,21,108,16
8/7/2020,81,26,18,119,14
8/8/2020,79,28,17,79,14
8/9/2020,74,25,17,82,12
8/10/2020,81,25,19,76,12
8/11/2020,96,26,19,78,12
8/12/2020,93,25,37,68,18
8/13/2020,81,24,19,58,13
8/14/2020,41,21,21,68,17
8/15/2020,58,23,24,59,14
8/16/2020,52,24,20,68,10
8/17/2020,56,22,17,67,10
8/18/2020,75,25,19,99,14
8/19/2020,80,33,29,82,18
8/20/2020,62,30,18,64,13
8/21/2020,71,32,10,58,10
8/22/2020,84,31,20,63,16
8/23/2020,72,33,27,88,14
8/24/2020,79,31,17,68,14
8/25/2020,74,33,13,75,17
8/26/2020,63,31,9,100,11
8/27/2020,57,31,10,80,11
8/28/2020,84,33,15,67,16
8/29/2020,70,33,12,71,12
8/30/2020,74,33,15,79,10
8/31/2020,69,33,13,134,14
9/1/2020,71,51,11,37,22
9/2/2020,72,51,12,38,28
9/3/2020,80,49,13,39,26
9/4/2020,66,50,15,35,17
9/5/2020,70,49,15,46,22
9/6/2020,75,51,14,53,23
9/7/2020,72,51,16,60,22
9/8/2020,78,52,11,37,23
9/9/2020,82,52,11,34,19
9/10/2020,77,50,11,42,24
9/11/2020,89,51,17,50,35
9/12/2020,67,50,13,50,25
9/13/2020,72,51,12,55,19
9/14/2020,72,53,13,56,23
9/15/2020,57,52,17,45,23
9/16/2020,67,50,15,41,30
9/17/2020,65,52,11,45,23
9/18/2020,70,51,15,40,19
9/19/2020,88,56,14,40,20
9/20/2020,73,52,15,31,13
9/21/2020,65,50,19,28,18
9/22/2020,62,50,15,39,19
9/23/2020,73,51,17,32,30
9/24/2020,57,44,16,39,29
9/25/2020,74,53,15,42,27
9/26/2020,73,52,18,42,31
9/27/2020,70,52,17,45,24
9/28/2020,74,53,13,37,20
9/29/2020,68,53,11,32,22
9/30/2020,57,51,11,35,24
10/1/2020,73,53,14,37,17
10/2/2020,83,54,14,37,22
10/3/2020,74,52,17,35,29
10/4/2020,79,52,16,43,24
10/5/2020,62,52,11,47,15
10/6/2020,64,53,8,45,21
10/7/2020,77,55,11,43,26
10/8/2020,68,54,11,44,25
10/9/2020,74,52,15,49,25
10/10/2020,70,53,17,35,25
10/11/2020,69,52,16,45,22
10/12/2020,58,51,15,39,26
10/13/2020,72,53,20,39,29
10/14/2020,81,54,19,44,30
10/15/2020,79,54,15,48,28
10/16/2020,68,52,13,43,28
10/17/2020,70,52,16,36,36
10/18/2020,60,52,12,37,26
10/19/2020,64,53,13,37,26
10/20/2020,63,53,19,31,36
10/21/2020,57,53,17,33,30
10/22/2020,53,53,18,29,26
10/23/2020,39,53,9,22,12
10/24/2020,56,54,11,34,25
10/25/2020,52,54,13,42,20
10/26/2020,57,55,14,41,28
10/27/2020,52,54,17,34,30
10/28/2020,66,54,29,32,33
10/29/2020,57,55,15,35,26
10/30/2020,63,55,18,34,19
10/31/2020,45,55,15,29,20
11/1/2020,56,54,27,27,27
11/2/2020,49,54,11,29,10
11/3/2020,54,55,12,30,22
11/4/2020,54,56,15,36,22
11/5/2020,58,55,17,27,35
11/6/2020,80,57,27,36,39
11/7/2020,65,56,20,29,32
11/8/2020,67,55,21,29,29
11/9/2020,72,57,22,33,36
11/10/2020,82,56,18,37,32
11/11/2020,79,57,17,38,42
11/12/2020,61,57,12,36,30
11/13/2020,57,57,12,31,26
11/14/2020,67,58,14,34,28
11/15/2020,59,57,10,35,23
11/16/2020,64,60,12,33,20
11/17/2020,60,57,18,39,26
11/18/2020,59,67,12,41,39
11/19/2020,77,57,20,38,41
11/20/2020,62,59,13,32,22
11/21/2020,67,57,24,32,30
11/22/2020,70,56,30,33,32
11/23/2020,69,58,23,30,34
11/24/2020,68,57,12,35,20
11/25/2020,55,56,15,33,27
11/26/2020,60,58,18,34,33
11/27/2020,51,57,8,26,23
11/28/2020,54,57,14,40,31
11/29/2020,48,56,9,26,17
11/30/2020,28,56,6,25,9
12/1/2020,47,56,10,26,10
12/2/2020,51,57,9,24,16
12/3/2020,42,56,9,29,24
12/4/2020,46,62,10,26,25
12/5/2020,31,58,7,22,15
12/6/2020,35,58,9,23,19
12/7/2020,25,57,7,24,14
12/8/2020,37,57,11,22,17
12/9/2020,34,57,6,24,13
12/10/2020,33,59,6,21,14
12/11/2020,36,62,11,23,20
12/12/2020,38,63,7,27,14
12/13/2020,29,57,6,25,16
12/14/2020,27,56,7,26,14
12/15/2020,45,55,17,25,16
12/16/2020,32,55,12,23,11
12/17/2020,29,56,15,26,17
12/18/2020,32,56,12,25,15
12/19/2020,39,56,14,21,15
12/20/2020,38,56,14,22,15
12/21/2020,25,56,13,20,8
12/22/2020,40,55,9,18,15
12/23/2020,68,51,18,25,18
12/24/2020,52,52,11,22,18
12/25/2020,39,51,9,16,9
12/26/2020,37,51,7,18,9
12/27/2020,44,52,9,19,10
12/28/2020,45,51,8,24,17
12/29/2020,26,51,5,23,10
12/30/2020,39,51,6,22,10
12/31/2020,41,52,10,33,14
1/1/2021,43,58,29,35,65
1/2/2021,58,86,38,64,80
1/3/2021,64,93,25,62,86
1/4/2021,50,67,24,31,77
1/5/2021,59,89,24,35,77
1/6/2021,73,81,29,66,85
1/7/2021,36,52,22,55,72
1/8/2021,38,68,26,51,71
1/9/2021,60,77,34,42,80
1/10/2021,24,39,16,38,59
1/11/2021,51,72,17,57,68
1/12/2021,29,58,20,44,77
1/13/2021,36,47,17,32,68
1/14/2021,36,78,20,38,65
1/15/2021,52,82,20,56,65
1/16/2021,70,92,19,38,67
1/17/2021,58,86,22,41,93
1/18/2021,51,64,21,37,78
1/19/2021,42,56,19,35,58
1/20/2021,54,45,17,33,72
1/21/2021,63,51,21,38,67
1/22/2021,84,112,32,54,67
1/23/2021,89,126,47,61,104
1/24/2021,64,90,19,31,75
1/25/2021,62,95,29,67,134
1/26/2021,57,79,34,39,71
1/27/2021,33,37,25,20,63
1/28/2021,28,49,25,28,53
1/29/2021,30,53,26,36,65
1/30/2021,46,39,25,32,64
1/31/2021,41,55,24,29,68
2/1/2021,73,38,26,46,34
2/2/2021,53,40,14,55,25
2/3/2021,32,40,11,42,19
2/4/2021,36,40,14,47,24
2/5/2021,29,40,14,45,35
2/6/2021,34,40,8,57,15
2/7/2021,33,40,10,57,13
2/8/2021,26,39,10,54,17
2/9/2021,33,40,13,47,22
2/10/2021,50,40,13,49,16
2/11/2021,38,43,13,35,17
2/12/2021,63,43,16,33,42
2/13/2021,59,40,12,40,16
2/14/2021,55,40,11,42,19
2/15/2021,42,40,13,37,25
2/16/2021,43,40,11,42,26
2/17/2021,46,40,25,41,37
2/18/2021,53,44,13,41,29
2/19/2021,32,42,20,41,33
2/20/2021,45,39,13,53,20
2/21/2021,36,39,10,48,17
2/22/2021,68,42,22,41,40
2/23/2021,66,40,16,54,23
2/24/2021,42,40,10,33,16
2/25/2021,31,43,12,45,23
2/26/2021,48,43,13,40,20
2/27/2021,59,44,15,50,31
2/28/2021,68,40,18,60,18
3/1/2021,62,45,13,38,18
3/2/2021,55,50,17,53,28
3/3/2021,59,46,21,50,35
3/4/2021,62,45,19,49,31
3/5/2021,65,54,16,59,30
3/6/2021,71,59,25,52,42
3/7/2021,64,41,23,51,31
3/8/2021,58,40,16,41,22
3/9/2021,51,41,15,33,22
3/10/2021,60,42,21,42,39
3/11/2021,38,39,9,43,21
3/12/2021,66,41,19,45,25
3/13/2021,53,41,13,41,25
3/14/2021,52,41,16,37,21
3/15/2021,55,42,18,49,34
3/16/2021,67,46,13,57,36
3/17/2021,78,55,20,53,45
3/18/2021,78,45,16,74,40
3/19/2021,73,42,14,59,35
3/20/2021,65,44,16,56,31
3/21/2021,81,41,16,51,17
3/22/2021,62,41,15,43,18
3/23/2021,51,41,11,44,16
3/24/2021,43,40,11,37,15
3/25/2021,38,41,9,41,17
3/26/2021,57,42,19,53,28
3/27/2021,62,49,13,63,33
3/28/2021,57,43,15,71,31
3/29/2021,65,48,19,67,37
3/30/2021,59,42,15,55,30
3/31/2021,56,43,18,48,25
4/1/2021,28,41,11,43,19
4/2/2021,51,44,11,42,19
4/3/2021,39,42,9,57,22
4/4/2021,68,43,30,49,37
4/5/2021,61,43,15,59,28
4/6/2021,43,43,10,36,18
4/7/2021,30,42,11,43,19
4/8/2021,39,51,12,40,22
4/9/2021,55,43,14,49,28
4/10/2021,64,43,16,50,29
4/11/2021,66,50,18,60,31
4/12/2021,69,51,20,54,31
4/13/2021,70,63,18,64,40
4/14/2021,65,55,16,65,32
4/15/2021,67,55,27,50,42
4/16/2021,69,55,20,50,44
4/17/2021,67,43,20,39,41
4/18/2021,57,42,16,32,26
4/19/2021,63,52,14,41,30
4/20/2021,64,52,12,55,30
4/21/2021,76,56,19,50,37
4/22/2021,63,52,14,60,40
4/23/2021,75,51,16,65,42
4/24/2021,88,61,18,73,40
4/25/2021,74,55,17,58,36
4/26/2021,64,52,11,59,24
4/27/2021,75,51,12,65,28
4/28/2021,61,51,15,56,34
4/29/2021,69,60,17,44,38
4/30/2021,71,57,18,55,42
5/1/2021,66,51,15,57,33
5/2/2021,55,47,13,53,17
5/3/2021,61,50,10,51,20
5/4/2021,74,54,18,39,26
5/5/2021,73,53,20,45,38
5/6/2021,57,53,16,66,38
5/7/2021,67,61,26,151,45
5/8/2021,60,53,12,71,28
5/9/2021,46,46,9,61,21
5/10/2021,55,51,10,66,21
5/11/2021,69,50,12,57,24
5/12/2021,67,52,10,63,21
5/13/2021,81,49,14,48,20
5/14/2021,56,51,9,52,14
5/15/2021,62,54,11,40,19
5/16/2021,54,50,9,52,16
5/17/2021,54,55,11,51,24
5/18/2021,41,48,10,49,26
5/19/2021,61,52,17,55,36
5/20/2021,66,53,12,56,27
5/21/2021,60,58,15,65,34
5/22/2021,64,62,16,66,36
5/23/2021,73,64,31,57,40
5/24/2021,86,74,26,72,38
5/25/2021,56,52,15,66,35
5/26/2021,62,52,12,64,24
5/27/2021,60,52,10,62,20
5/28/2021,66,53,12,63,24
5/29/2021,60,46,14,66,32
5/30/2021,53,55,17,51,29
5/31/2021,62,49,20,71,37
6/1/2021,73,50,18,64,35
6/2/2021,68,54,20,76,38
6/3/2021,68,57,20,61,41
6/4/2021,66,48,13,76,30
6/5/2021,64,51,20,65,38
6/6/2021,63,50,15,72,32
6/7/2021,61,52,15,68,31
6/8/2021,70,53,16,72,38
6/9/2021,68,54,14,67,34
6/10/2021,71,56,23,48,47
6/11/2021,65,51,15,61,40
6/12/2021,67,54,17,57,35
6/13/2021,55,52,14,58,25
6/14/2021,69,53,13,58,26
6/15/2021,73,52,13,44,29
6/16/2021,67,66,25,43,55
6/17/2021,66,51,28,44,41
6/18/2021,77,59,23,49,45
6/19/2021,64,59,21,41,45
6/20/2021,81,66,26,44,58
6/21/2021,62,55,16,44,35
6/22/2021,59,54,16,38,35
6/23/2021,66,52,17,51,43
6/24/2021,80,54,19,42,52
6/25/2021,85,58,30,40,63
6/26/2021,67,53,10,53,23
6/27/2021,72,57,22,57,41
6/28/2021,65,53,18,61,38
6/29/2021,75,52,24,51,50
6/30/2021,79,57,19,55,38
7/1/2021,64,53,14,48,31
7/2/2021,68,56,23,40,51
7/3/2021,80,54,13,44,27
7/4/2021,94,51,15,50,25
7/5/2021,83,56,13,62,26
7/6/2021,68,51,10,55,29
7/7/2021,84,54,12,51,27
7/8/2021,83,56,11,50,26
7/9/2021,92,59,11,56,26
7/10/2021,78,54,10,63,23
7/11/2021,66,54,10,54,17
7/12/2021,64,52,9,44,14
7/13/2021,78,54,11,43,26
7/14/2021,66,51,13,50,26
7/15/2021,95,62,15,56,30
7/16/2021,85,53,11,53,29
7/17/2021,74,55,10,58,20
7/18/2021,82,55,13,58,27
7/19/2021,80,51,11,77,28
7/20/2021,86,51,15,60,24
7/21/2021,55,52,9,58,19
7/22/2021,60,53,11,54,27
7/23/2021,63,52,10,59,28
7/24/2021,66,54,13,51,34
7/25/2021,81,55,24,54,42
7/26/2021,79,54,16,46,32
7/27/2021,82,56,13,41,35
7/28/2021,82,53,18,40,45
7/29/2021,78,52,18,53,39
7/30/2021,90,54,15,81,35
7/31/2021,63,50,18,65,29
8/1/2021,55,50,9,67,22
8/2/2021,52,50,10,59,28
8/3/2021,61,53,12,47,35
8/4/2021,64,53,9,50,26
8/5/2021,61,55,11,58,27
8/6/2021,76,58,20,38,52
8/7/2021,63,53,10,48,18
8/8/2021,60,53,9,57,17
8/9/2021,56,52,8,57,16
8/10/2021,36,48,8,55,19
8/11/2021,61,50,12,59,25
8/12/2021,65,52,10,47,20
8/13/2021,61,51,11,49,32
8/14/2021,73,53,15,53,40
8/15/2021,63,53,12,46,30
8/16/2021,60,54,9,42,21
8/17/2021,62,51,13,40,22
8/18/2021,62,51,11,42,26
8/19/2021,72,55,15,28,36
8/20/2021,73,55,12,34,34
8/21/2021,60,51,13,33,35
8/22/2021,74,52,14,29,29
8/23/2021,66,52,13,33,27
8/24/2021,69,52,12,41,30
8/25/2021,69,51,12,38,34
8/26/2021,64,51,10,31,33
8/27/2021,63,52,11,32,31
8/28/2021,76,51,11,44,27
8/29/2021,68,52,12,36,29
8/30/2021,87,52,17,39,41
8/31/2021,74,51,19,48,33
9/1/2021,79,55,16,32,38
9/2/2021,66,52,15,39,28
9/3/2021,66,51,11,45,30
9/4/2021,62,50,10,37,28
9/5/2021,74,52,12,36,28
9/6/2021,73,51,13,34,24
9/7/2021,60,51,11,27,24
9/8/2021,64,52,16,29,34
9/9/2021,68,54,12,35,31
9/10/2021,58,53,10,39,32
9/11/2021,70,53,12,46,41
9/12/2021,66,51,10,36,27
9/13/2021,56,52,9,27,21
9/14/2021,36,50,8,47,19
9/15/2021,69,54,20,45,45
9/16/2021,53,52,10,52,24
9/17/2021,50,51,7,53,20
9/18/2021,57,53,9,51,22
9/19/2021,56,50,10,68,19
9/20/2021,58,52,11,54,34
9/21/2021,61,52,11,58,36
9/22/2021,64,54,14,48,32
9/23/2021,61,53,10,53,22
9/24/2021,57,53,8,47,26
9/25/2021,55,52,11,50,20
9/26/2021,56,50,10,54,19
9/27/2021,53,49,12,47,33
9/28/2021,49,49,10,49,28
9/29/2021,61,57,13,63,38
9/30/2021,71,63,16,63,37
10/1/2021,58,59,11,65,38
10/2/2021,70,61,12,58,35
10/3/2021,70,62,11,53,28
10/4/2021,62,60,11,64,29
10/5/2021,65,67,11,54,33
10/6/2021,66,66,10,58,35
10/7/2021,52,60,9,50,28
10/8/2021,60,64,11,54,35
10/9/2021,55,62,9,60,29
10/10/2021,61,61,9,72,26
10/11/2021,68,64,12,66,30
10/12/2021,77,76,12,49,35
10/13/2021,57,63,9,58,31
10/14/2021,73,65,12,70,35
10/15/2021,100,64,15,64,37
10/16/2021,68,63,15,63,44
10/17/2021,71,63,15,65,30
10/18/2021,57,58,11,45,26
10/19/2021,52,60,18,42,35
10/20/2021,50,73,11,50,27
10/21/2021,53,61,11,57,32
10/22/2021,73,82,18,46,48
10/23/2021,67,81,13,53,36
10/24/2021,68,60,17,62,36
10/25/2021,65,62,14,70,37
10/26/2021,75,67,16,50,43
10/27/2021,62,64,15,50,39
10/28/2021,54,67,16,56,39
10/29/2021,54,80,19,49,35
10/30/2021,64,81,15,58,40
10/31/2021,56,63,28,56,32
11/1/2021,64,77,17,48,41
11/2/2021,54,51,18,49,35
11/3/2021,52,51,13,73,38
11/4/2021,63,52,17,63,47
11/5/2021,64,52,23,46,46
11/6/2021,57,52,13,52,40
11/7/2021,52,51,10,55,25
11/8/2021,53,52,20,39,41
11/9/2021,67,51,21,47,38
11/10/2021,61,51,11,36,25
11/11/2021,47,51,12,36,32
11/12/2021,44,47,10,38,19
11/13/2021,52,47,16,52,40
11/14/2021,50,47,13,46,34
11/15/2021,36,47,9,36,17
11/16/2021,53,47,11,41,14
11/17/2021,60,50,13,45,35
11/18/2021,63,43,18,56,35
11/19/2021,32,41,7,42,12
11/20/2021,37,43,8,41,17
11/21/2021,52,41,19,45,44
11/22/2021,29,42,7,41,12
11/23/2021,25,41,7,41,9
11/24/2021,35,42,8,37,12
11/25/2021,63,42,12,40,21
11/26/2021,58,41,17,39,31
11/27/2021,37,41,10,45,22
11/28/2021,19,41,7,47,10
11/29/2021,29,42,8,42,12
11/30/2021,46,43,10,44,17
12/1/2021,63,43,13,41,30
12/2/2021,35,42,7,40,14
12/3/2021,54,43,9,48,17
12/4/2021,50,45,13,43,16
12/5/2021,53,44,17,39,29
12/6/2021,62,55,23,45,57
12/7/2021,179,44,12,43,21
12/8/2021,49,45,17,51,30
12/9/2021,46,46,11,51,20
12/10/2021,51,47,14,41,30
12/11/2021,38,45,8,51,22
12/12/2021,49,43,17,42,34
12/13/2021,53,44,11,34,23
12/14/2021,51,46,15,37,26
12/15/2021,69,44,19,50,30
12/16/2021,78,43,20,34,36
12/17/2021,58,43,18,57,35
12/18/2021,51,42,18,54,32
12/19/2021,65,41,24,78,45
12/20/2021,57,42,13,58,20
12/21/2021,62,42,19,39,49
12/22/2021,65,56,28,54,65
12/23/2021,70,57,19,44,44
12/24/2021,36,53,15,36,52
12/25/2021,56,56,23,35,62
12/26/2021,44,51,15,37,34
12/27/2021,75,61,23,40,47
12/28/2021,59,53,16,34,33
12/29/2021,61,54,15,37,29
12/30/2021,60,53,17,38,44
12/31/2021,64,52,44,37,53
